data_2016\Train\benign\ISIC_0000000.jpg,data_2016\Train_Lesion\benign\ISIC_0000000_Segmentation.png,0
data_2016\Train\benign\ISIC_0000001.jpg,data_2016\Train_Lesion\benign\ISIC_0000001_Segmentation.png,0
data_2016\Train\benign\ISIC_0000006.jpg,data_2016\Train_Lesion\benign\ISIC_0000006_Segmentation.png,0
data_2016\Train\benign\ISIC_0000007.jpg,data_2016\Train_Lesion\benign\ISIC_0000007_Segmentation.png,0
data_2016\Train\benign\ISIC_0000008.jpg,data_2016\Train_Lesion\benign\ISIC_0000008_Segmentation.png,0
data_2016\Train\benign\ISIC_0000009.jpg,data_2016\Train_Lesion\benign\ISIC_0000009_Segmentation.png,0
data_2016\Train\benign\ISIC_0000010.jpg,data_2016\Train_Lesion\benign\ISIC_0000010_Segmentation.png,0
data_2016\Train\benign\ISIC_0000011.jpg,data_2016\Train_Lesion\benign\ISIC_0000011_Segmentation.png,0
data_2016\Train\benign\ISIC_0000016.jpg,data_2016\Train_Lesion\benign\ISIC_0000016_Segmentation.png,0
data_2016\Train\benign\ISIC_0000017.jpg,data_2016\Train_Lesion\benign\ISIC_0000017_Segmentation.png,0
data_2016\Train\benign\ISIC_0000019.jpg,data_2016\Train_Lesion\benign\ISIC_0000019_Segmentation.png,0
data_2016\Train\benign\ISIC_0000021.jpg,data_2016\Train_Lesion\benign\ISIC_0000021_Segmentation.png,0
data_2016\Train\benign\ISIC_0000024.jpg,data_2016\Train_Lesion\benign\ISIC_0000024_Segmentation.png,0
data_2016\Train\benign\ISIC_0000025.jpg,data_2016\Train_Lesion\benign\ISIC_0000025_Segmentation.png,0
data_2016\Train\benign\ISIC_0000028.jpg,data_2016\Train_Lesion\benign\ISIC_0000028_Segmentation.png,0
data_2016\Train\benign\ISIC_0000032.jpg,data_2016\Train_Lesion\benign\ISIC_0000032_Segmentation.png,0
data_2016\Train\benign\ISIC_0000034.jpg,data_2016\Train_Lesion\benign\ISIC_0000034_Segmentation.png,0
data_2016\Train\benign\ISIC_0000038.jpg,data_2016\Train_Lesion\benign\ISIC_0000038_Segmentation.png,0
data_2016\Train\benign\ISIC_0000039.jpg,data_2016\Train_Lesion\benign\ISIC_0000039_Segmentation.png,0
data_2016\Train\benign\ISIC_0000041.jpg,data_2016\Train_Lesion\benign\ISIC_0000041_Segmentation.png,0
data_2016\Train\benign\ISIC_0000042.jpg,data_2016\Train_Lesion\benign\ISIC_0000042_Segmentation.png,0
data_2016\Train\benign\ISIC_0000044.jpg,data_2016\Train_Lesion\benign\ISIC_0000044_Segmentation.png,0
data_2016\Train\benign\ISIC_0000047.jpg,data_2016\Train_Lesion\benign\ISIC_0000047_Segmentation.png,0
data_2016\Train\benign\ISIC_0000048.jpg,data_2016\Train_Lesion\benign\ISIC_0000048_Segmentation.png,0
data_2016\Train\benign\ISIC_0000050.jpg,data_2016\Train_Lesion\benign\ISIC_0000050_Segmentation.png,0
data_2016\Train\benign\ISIC_0000051.jpg,data_2016\Train_Lesion\benign\ISIC_0000051_Segmentation.png,0
data_2016\Train\benign\ISIC_0000055.jpg,data_2016\Train_Lesion\benign\ISIC_0000055_Segmentation.png,0
data_2016\Train\benign\ISIC_0000058.jpg,data_2016\Train_Lesion\benign\ISIC_0000058_Segmentation.png,0
data_2016\Train\benign\ISIC_0000059.jpg,data_2016\Train_Lesion\benign\ISIC_0000059_Segmentation.png,0
data_2016\Train\benign\ISIC_0000060.jpg,data_2016\Train_Lesion\benign\ISIC_0000060_Segmentation.png,0
data_2016\Train\benign\ISIC_0000061.jpg,data_2016\Train_Lesion\benign\ISIC_0000061_Segmentation.png,0
data_2016\Train\benign\ISIC_0000063.jpg,data_2016\Train_Lesion\benign\ISIC_0000063_Segmentation.png,0
data_2016\Train\benign\ISIC_0000065.jpg,data_2016\Train_Lesion\benign\ISIC_0000065_Segmentation.png,0
data_2016\Train\benign\ISIC_0000067.jpg,data_2016\Train_Lesion\benign\ISIC_0000067_Segmentation.png,0
data_2016\Train\benign\ISIC_0000068.jpg,data_2016\Train_Lesion\benign\ISIC_0000068_Segmentation.png,0
data_2016\Train\benign\ISIC_0000073.jpg,data_2016\Train_Lesion\benign\ISIC_0000073_Segmentation.png,0
data_2016\Train\benign\ISIC_0000077.jpg,data_2016\Train_Lesion\benign\ISIC_0000077_Segmentation.png,0
data_2016\Train\benign\ISIC_0000079.jpg,data_2016\Train_Lesion\benign\ISIC_0000079_Segmentation.png,0
data_2016\Train\benign\ISIC_0000080.jpg,data_2016\Train_Lesion\benign\ISIC_0000080_Segmentation.png,0
data_2016\Train\benign\ISIC_0000081.jpg,data_2016\Train_Lesion\benign\ISIC_0000081_Segmentation.png,0
data_2016\Train\benign\ISIC_0000082.jpg,data_2016\Train_Lesion\benign\ISIC_0000082_Segmentation.png,0
data_2016\Train\benign\ISIC_0000085.jpg,data_2016\Train_Lesion\benign\ISIC_0000085_Segmentation.png,0
data_2016\Train\benign\ISIC_0000086.jpg,data_2016\Train_Lesion\benign\ISIC_0000086_Segmentation.png,0
data_2016\Train\benign\ISIC_0000087.jpg,data_2016\Train_Lesion\benign\ISIC_0000087_Segmentation.png,0
data_2016\Train\benign\ISIC_0000089.jpg,data_2016\Train_Lesion\benign\ISIC_0000089_Segmentation.png,0
data_2016\Train\benign\ISIC_0000093.jpg,data_2016\Train_Lesion\benign\ISIC_0000093_Segmentation.png,0
data_2016\Train\benign\ISIC_0000094.jpg,data_2016\Train_Lesion\benign\ISIC_0000094_Segmentation.png,0
data_2016\Train\benign\ISIC_0000095.jpg,data_2016\Train_Lesion\benign\ISIC_0000095_Segmentation.png,0
data_2016\Train\benign\ISIC_0000096.jpg,data_2016\Train_Lesion\benign\ISIC_0000096_Segmentation.png,0
data_2016\Train\benign\ISIC_0000100.jpg,data_2016\Train_Lesion\benign\ISIC_0000100_Segmentation.png,0
data_2016\Train\benign\ISIC_0000102.jpg,data_2016\Train_Lesion\benign\ISIC_0000102_Segmentation.png,0
data_2016\Train\benign\ISIC_0000103.jpg,data_2016\Train_Lesion\benign\ISIC_0000103_Segmentation.png,0
data_2016\Train\benign\ISIC_0000104.jpg,data_2016\Train_Lesion\benign\ISIC_0000104_Segmentation.png,0
data_2016\Train\benign\ISIC_0000105.jpg,data_2016\Train_Lesion\benign\ISIC_0000105_Segmentation.png,0
data_2016\Train\benign\ISIC_0000108.jpg,data_2016\Train_Lesion\benign\ISIC_0000108_Segmentation.png,0
data_2016\Train\benign\ISIC_0000109.jpg,data_2016\Train_Lesion\benign\ISIC_0000109_Segmentation.png,0
data_2016\Train\benign\ISIC_0000110.jpg,data_2016\Train_Lesion\benign\ISIC_0000110_Segmentation.png,0
data_2016\Train\benign\ISIC_0000114.jpg,data_2016\Train_Lesion\benign\ISIC_0000114_Segmentation.png,0
data_2016\Train\benign\ISIC_0000118.jpg,data_2016\Train_Lesion\benign\ISIC_0000118_Segmentation.png,0
data_2016\Train\benign\ISIC_0000119.jpg,data_2016\Train_Lesion\benign\ISIC_0000119_Segmentation.png,0
data_2016\Train\benign\ISIC_0000120.jpg,data_2016\Train_Lesion\benign\ISIC_0000120_Segmentation.png,0
data_2016\Train\benign\ISIC_0000121.jpg,data_2016\Train_Lesion\benign\ISIC_0000121_Segmentation.png,0
data_2016\Train\benign\ISIC_0000122.jpg,data_2016\Train_Lesion\benign\ISIC_0000122_Segmentation.png,0
data_2016\Train\benign\ISIC_0000123.jpg,data_2016\Train_Lesion\benign\ISIC_0000123_Segmentation.png,0
data_2016\Train\benign\ISIC_0000127.jpg,data_2016\Train_Lesion\benign\ISIC_0000127_Segmentation.png,0
data_2016\Train\benign\ISIC_0000128.jpg,data_2016\Train_Lesion\benign\ISIC_0000128_Segmentation.png,0
data_2016\Train\benign\ISIC_0000130.jpg,data_2016\Train_Lesion\benign\ISIC_0000130_Segmentation.png,0
data_2016\Train\benign\ISIC_0000131.jpg,data_2016\Train_Lesion\benign\ISIC_0000131_Segmentation.png,0
data_2016\Train\benign\ISIC_0000135.jpg,data_2016\Train_Lesion\benign\ISIC_0000135_Segmentation.png,0
data_2016\Train\benign\ISIC_0000137.jpg,data_2016\Train_Lesion\benign\ISIC_0000137_Segmentation.png,0
data_2016\Train\benign\ISIC_0000181.jpg,data_2016\Train_Lesion\benign\ISIC_0000181_Segmentation.png,0
data_2016\Train\benign\ISIC_0000182.jpg,data_2016\Train_Lesion\benign\ISIC_0000182_Segmentation.png,0
data_2016\Train\benign\ISIC_0000183.jpg,data_2016\Train_Lesion\benign\ISIC_0000183_Segmentation.png,0
data_2016\Train\benign\ISIC_0000184.jpg,data_2016\Train_Lesion\benign\ISIC_0000184_Segmentation.png,0
data_2016\Train\benign\ISIC_0000186.jpg,data_2016\Train_Lesion\benign\ISIC_0000186_Segmentation.png,0
data_2016\Train\benign\ISIC_0000187.jpg,data_2016\Train_Lesion\benign\ISIC_0000187_Segmentation.png,0
data_2016\Train\benign\ISIC_0000189.jpg,data_2016\Train_Lesion\benign\ISIC_0000189_Segmentation.png,0
data_2016\Train\benign\ISIC_0000190.jpg,data_2016\Train_Lesion\benign\ISIC_0000190_Segmentation.png,0
data_2016\Train\benign\ISIC_0000191.jpg,data_2016\Train_Lesion\benign\ISIC_0000191_Segmentation.png,0
data_2016\Train\benign\ISIC_0000192.jpg,data_2016\Train_Lesion\benign\ISIC_0000192_Segmentation.png,0
data_2016\Train\benign\ISIC_0000193.jpg,data_2016\Train_Lesion\benign\ISIC_0000193_Segmentation.png,0
data_2016\Train\benign\ISIC_0000199.jpg,data_2016\Train_Lesion\benign\ISIC_0000199_Segmentation.png,0
data_2016\Train\benign\ISIC_0000203.jpg,data_2016\Train_Lesion\benign\ISIC_0000203_Segmentation.png,0
data_2016\Train\benign\ISIC_0000204.jpg,data_2016\Train_Lesion\benign\ISIC_0000204_Segmentation.png,0
data_2016\Train\benign\ISIC_0000206.jpg,data_2016\Train_Lesion\benign\ISIC_0000206_Segmentation.png,0
data_2016\Train\benign\ISIC_0000207.jpg,data_2016\Train_Lesion\benign\ISIC_0000207_Segmentation.png,0
data_2016\Train\benign\ISIC_0000208.jpg,data_2016\Train_Lesion\benign\ISIC_0000208_Segmentation.png,0
data_2016\Train\benign\ISIC_0000210.jpg,data_2016\Train_Lesion\benign\ISIC_0000210_Segmentation.png,0
data_2016\Train\benign\ISIC_0000211.jpg,data_2016\Train_Lesion\benign\ISIC_0000211_Segmentation.png,0
data_2016\Train\benign\ISIC_0000214.jpg,data_2016\Train_Lesion\benign\ISIC_0000214_Segmentation.png,0
data_2016\Train\benign\ISIC_0000215.jpg,data_2016\Train_Lesion\benign\ISIC_0000215_Segmentation.png,0
data_2016\Train\benign\ISIC_0000216.jpg,data_2016\Train_Lesion\benign\ISIC_0000216_Segmentation.png,0
data_2016\Train\benign\ISIC_0000217.jpg,data_2016\Train_Lesion\benign\ISIC_0000217_Segmentation.png,0
data_2016\Train\benign\ISIC_0000218.jpg,data_2016\Train_Lesion\benign\ISIC_0000218_Segmentation.png,0
data_2016\Train\benign\ISIC_0000219.jpg,data_2016\Train_Lesion\benign\ISIC_0000219_Segmentation.png,0
data_2016\Train\benign\ISIC_0000220.jpg,data_2016\Train_Lesion\benign\ISIC_0000220_Segmentation.png,0
data_2016\Train\benign\ISIC_0000221.jpg,data_2016\Train_Lesion\benign\ISIC_0000221_Segmentation.png,0
data_2016\Train\benign\ISIC_0000223.jpg,data_2016\Train_Lesion\benign\ISIC_0000223_Segmentation.png,0
data_2016\Train\benign\ISIC_0000224.jpg,data_2016\Train_Lesion\benign\ISIC_0000224_Segmentation.png,0
data_2016\Train\benign\ISIC_0000225.jpg,data_2016\Train_Lesion\benign\ISIC_0000225_Segmentation.png,0
data_2016\Train\benign\ISIC_0000229.jpg,data_2016\Train_Lesion\benign\ISIC_0000229_Segmentation.png,0
data_2016\Train\benign\ISIC_0000232.jpg,data_2016\Train_Lesion\benign\ISIC_0000232_Segmentation.png,0
data_2016\Train\benign\ISIC_0000235.jpg,data_2016\Train_Lesion\benign\ISIC_0000235_Segmentation.png,0
data_2016\Train\benign\ISIC_0000236.jpg,data_2016\Train_Lesion\benign\ISIC_0000236_Segmentation.png,0
data_2016\Train\benign\ISIC_0000237.jpg,data_2016\Train_Lesion\benign\ISIC_0000237_Segmentation.png,0
data_2016\Train\benign\ISIC_0000239.jpg,data_2016\Train_Lesion\benign\ISIC_0000239_Segmentation.png,0
data_2016\Train\benign\ISIC_0000240.jpg,data_2016\Train_Lesion\benign\ISIC_0000240_Segmentation.png,0
data_2016\Train\benign\ISIC_0000242.jpg,data_2016\Train_Lesion\benign\ISIC_0000242_Segmentation.png,0
data_2016\Train\benign\ISIC_0000243.jpg,data_2016\Train_Lesion\benign\ISIC_0000243_Segmentation.png,0
data_2016\Train\benign\ISIC_0000244.jpg,data_2016\Train_Lesion\benign\ISIC_0000244_Segmentation.png,0
data_2016\Train\benign\ISIC_0000245.jpg,data_2016\Train_Lesion\benign\ISIC_0000245_Segmentation.png,0
data_2016\Train\benign\ISIC_0000247.jpg,data_2016\Train_Lesion\benign\ISIC_0000247_Segmentation.png,0
data_2016\Train\benign\ISIC_0000249.jpg,data_2016\Train_Lesion\benign\ISIC_0000249_Segmentation.png,0
data_2016\Train\benign\ISIC_0000250.jpg,data_2016\Train_Lesion\benign\ISIC_0000250_Segmentation.png,0
data_2016\Train\benign\ISIC_0000251.jpg,data_2016\Train_Lesion\benign\ISIC_0000251_Segmentation.png,0
data_2016\Train\benign\ISIC_0000252.jpg,data_2016\Train_Lesion\benign\ISIC_0000252_Segmentation.png,0
data_2016\Train\benign\ISIC_0000255.jpg,data_2016\Train_Lesion\benign\ISIC_0000255_Segmentation.png,0
data_2016\Train\benign\ISIC_0000256.jpg,data_2016\Train_Lesion\benign\ISIC_0000256_Segmentation.png,0
data_2016\Train\benign\ISIC_0000259.jpg,data_2016\Train_Lesion\benign\ISIC_0000259_Segmentation.png,0
data_2016\Train\benign\ISIC_0000260.jpg,data_2016\Train_Lesion\benign\ISIC_0000260_Segmentation.png,0
data_2016\Train\benign\ISIC_0000261.jpg,data_2016\Train_Lesion\benign\ISIC_0000261_Segmentation.png,0
data_2016\Train\benign\ISIC_0000262.jpg,data_2016\Train_Lesion\benign\ISIC_0000262_Segmentation.png,0
data_2016\Train\benign\ISIC_0000263.jpg,data_2016\Train_Lesion\benign\ISIC_0000263_Segmentation.png,0
data_2016\Train\benign\ISIC_0000264.jpg,data_2016\Train_Lesion\benign\ISIC_0000264_Segmentation.png,0
data_2016\Train\benign\ISIC_0000265.jpg,data_2016\Train_Lesion\benign\ISIC_0000265_Segmentation.png,0
data_2016\Train\benign\ISIC_0000268.jpg,data_2016\Train_Lesion\benign\ISIC_0000268_Segmentation.png,0
data_2016\Train\benign\ISIC_0000269.jpg,data_2016\Train_Lesion\benign\ISIC_0000269_Segmentation.png,0
data_2016\Train\benign\ISIC_0000274.jpg,data_2016\Train_Lesion\benign\ISIC_0000274_Segmentation.png,0
data_2016\Train\benign\ISIC_0000275.jpg,data_2016\Train_Lesion\benign\ISIC_0000275_Segmentation.png,0
data_2016\Train\benign\ISIC_0000315.jpg,data_2016\Train_Lesion\benign\ISIC_0000315_Segmentation.png,0
data_2016\Train\benign\ISIC_0000316.jpg,data_2016\Train_Lesion\benign\ISIC_0000316_Segmentation.png,0
data_2016\Train\benign\ISIC_0000317.jpg,data_2016\Train_Lesion\benign\ISIC_0000317_Segmentation.png,0
data_2016\Train\benign\ISIC_0000321.jpg,data_2016\Train_Lesion\benign\ISIC_0000321_Segmentation.png,0
data_2016\Train\benign\ISIC_0000323.jpg,data_2016\Train_Lesion\benign\ISIC_0000323_Segmentation.png,0
data_2016\Train\benign\ISIC_0000324.jpg,data_2016\Train_Lesion\benign\ISIC_0000324_Segmentation.png,0
data_2016\Train\benign\ISIC_0000326.jpg,data_2016\Train_Lesion\benign\ISIC_0000326_Segmentation.png,0
data_2016\Train\benign\ISIC_0000329.jpg,data_2016\Train_Lesion\benign\ISIC_0000329_Segmentation.png,0
data_2016\Train\benign\ISIC_0000330.jpg,data_2016\Train_Lesion\benign\ISIC_0000330_Segmentation.png,0
data_2016\Train\benign\ISIC_0000331.jpg,data_2016\Train_Lesion\benign\ISIC_0000331_Segmentation.png,0
data_2016\Train\benign\ISIC_0000333.jpg,data_2016\Train_Lesion\benign\ISIC_0000333_Segmentation.png,0
data_2016\Train\benign\ISIC_0000336.jpg,data_2016\Train_Lesion\benign\ISIC_0000336_Segmentation.png,0
data_2016\Train\benign\ISIC_0000338.jpg,data_2016\Train_Lesion\benign\ISIC_0000338_Segmentation.png,0
data_2016\Train\benign\ISIC_0000339.jpg,data_2016\Train_Lesion\benign\ISIC_0000339_Segmentation.png,0
data_2016\Train\benign\ISIC_0000341.jpg,data_2016\Train_Lesion\benign\ISIC_0000341_Segmentation.png,0
data_2016\Train\benign\ISIC_0000342.jpg,data_2016\Train_Lesion\benign\ISIC_0000342_Segmentation.png,0
data_2016\Train\benign\ISIC_0000344.jpg,data_2016\Train_Lesion\benign\ISIC_0000344_Segmentation.png,0
data_2016\Train\benign\ISIC_0000347.jpg,data_2016\Train_Lesion\benign\ISIC_0000347_Segmentation.png,0
data_2016\Train\benign\ISIC_0000348.jpg,data_2016\Train_Lesion\benign\ISIC_0000348_Segmentation.png,0
data_2016\Train\benign\ISIC_0000349.jpg,data_2016\Train_Lesion\benign\ISIC_0000349_Segmentation.png,0
data_2016\Train\benign\ISIC_0000350.jpg,data_2016\Train_Lesion\benign\ISIC_0000350_Segmentation.png,0
data_2016\Train\benign\ISIC_0000351.jpg,data_2016\Train_Lesion\benign\ISIC_0000351_Segmentation.png,0
data_2016\Train\benign\ISIC_0000352.jpg,data_2016\Train_Lesion\benign\ISIC_0000352_Segmentation.png,0
data_2016\Train\benign\ISIC_0000353.jpg,data_2016\Train_Lesion\benign\ISIC_0000353_Segmentation.png,0
data_2016\Train\benign\ISIC_0000355.jpg,data_2016\Train_Lesion\benign\ISIC_0000355_Segmentation.png,0
data_2016\Train\benign\ISIC_0000359.jpg,data_2016\Train_Lesion\benign\ISIC_0000359_Segmentation.png,0
data_2016\Train\benign\ISIC_0000360.jpg,data_2016\Train_Lesion\benign\ISIC_0000360_Segmentation.png,0
data_2016\Train\benign\ISIC_0000361.jpg,data_2016\Train_Lesion\benign\ISIC_0000361_Segmentation.png,0
data_2016\Train\benign\ISIC_0000363.jpg,data_2016\Train_Lesion\benign\ISIC_0000363_Segmentation.png,0
data_2016\Train\benign\ISIC_0000364.jpg,data_2016\Train_Lesion\benign\ISIC_0000364_Segmentation.png,0
data_2016\Train\benign\ISIC_0000365.jpg,data_2016\Train_Lesion\benign\ISIC_0000365_Segmentation.png,0
data_2016\Train\benign\ISIC_0000366.jpg,data_2016\Train_Lesion\benign\ISIC_0000366_Segmentation.png,0
data_2016\Train\benign\ISIC_0000367.jpg,data_2016\Train_Lesion\benign\ISIC_0000367_Segmentation.png,0
data_2016\Train\benign\ISIC_0000369.jpg,data_2016\Train_Lesion\benign\ISIC_0000369_Segmentation.png,0
data_2016\Train\benign\ISIC_0000370.jpg,data_2016\Train_Lesion\benign\ISIC_0000370_Segmentation.png,0
data_2016\Train\benign\ISIC_0000372.jpg,data_2016\Train_Lesion\benign\ISIC_0000372_Segmentation.png,0
data_2016\Train\benign\ISIC_0000374.jpg,data_2016\Train_Lesion\benign\ISIC_0000374_Segmentation.png,0
data_2016\Train\benign\ISIC_0000376.jpg,data_2016\Train_Lesion\benign\ISIC_0000376_Segmentation.png,0
data_2016\Train\benign\ISIC_0000379.jpg,data_2016\Train_Lesion\benign\ISIC_0000379_Segmentation.png,0
data_2016\Train\benign\ISIC_0000381.jpg,data_2016\Train_Lesion\benign\ISIC_0000381_Segmentation.png,0
data_2016\Train\benign\ISIC_0000382.jpg,data_2016\Train_Lesion\benign\ISIC_0000382_Segmentation.png,0
data_2016\Train\benign\ISIC_0000383.jpg,data_2016\Train_Lesion\benign\ISIC_0000383_Segmentation.png,0
data_2016\Train\benign\ISIC_0000384.jpg,data_2016\Train_Lesion\benign\ISIC_0000384_Segmentation.png,0
data_2016\Train\benign\ISIC_0000385.jpg,data_2016\Train_Lesion\benign\ISIC_0000385_Segmentation.png,0
data_2016\Train\benign\ISIC_0000386.jpg,data_2016\Train_Lesion\benign\ISIC_0000386_Segmentation.png,0
data_2016\Train\benign\ISIC_0000387.jpg,data_2016\Train_Lesion\benign\ISIC_0000387_Segmentation.png,0
data_2016\Train\benign\ISIC_0000396.jpg,data_2016\Train_Lesion\benign\ISIC_0000396_Segmentation.png,0
data_2016\Train\benign\ISIC_0000397.jpg,data_2016\Train_Lesion\benign\ISIC_0000397_Segmentation.png,0
data_2016\Train\benign\ISIC_0000408.jpg,data_2016\Train_Lesion\benign\ISIC_0000408_Segmentation.png,0
data_2016\Train\benign\ISIC_0000409.jpg,data_2016\Train_Lesion\benign\ISIC_0000409_Segmentation.png,0
data_2016\Train\benign\ISIC_0000416.jpg,data_2016\Train_Lesion\benign\ISIC_0000416_Segmentation.png,0
data_2016\Train\benign\ISIC_0000419.jpg,data_2016\Train_Lesion\benign\ISIC_0000419_Segmentation.png,0
data_2016\Train\benign\ISIC_0000421.jpg,data_2016\Train_Lesion\benign\ISIC_0000421_Segmentation.png,0
data_2016\Train\benign\ISIC_0000423.jpg,data_2016\Train_Lesion\benign\ISIC_0000423_Segmentation.png,0
data_2016\Train\benign\ISIC_0000425.jpg,data_2016\Train_Lesion\benign\ISIC_0000425_Segmentation.png,0
data_2016\Train\benign\ISIC_0000426.jpg,data_2016\Train_Lesion\benign\ISIC_0000426_Segmentation.png,0
data_2016\Train\benign\ISIC_0000427.jpg,data_2016\Train_Lesion\benign\ISIC_0000427_Segmentation.png,0
data_2016\Train\benign\ISIC_0000431.jpg,data_2016\Train_Lesion\benign\ISIC_0000431_Segmentation.png,0
data_2016\Train\benign\ISIC_0000442.jpg,data_2016\Train_Lesion\benign\ISIC_0000442_Segmentation.png,0
data_2016\Train\benign\ISIC_0000443.jpg,data_2016\Train_Lesion\benign\ISIC_0000443_Segmentation.png,0
data_2016\Train\benign\ISIC_0000447.jpg,data_2016\Train_Lesion\benign\ISIC_0000447_Segmentation.png,0
data_2016\Train\benign\ISIC_0000451.jpg,data_2016\Train_Lesion\benign\ISIC_0000451_Segmentation.png,0
data_2016\Train\benign\ISIC_0000452.jpg,data_2016\Train_Lesion\benign\ISIC_0000452_Segmentation.png,0
data_2016\Train\benign\ISIC_0000453.jpg,data_2016\Train_Lesion\benign\ISIC_0000453_Segmentation.png,0
data_2016\Train\benign\ISIC_0000454.jpg,data_2016\Train_Lesion\benign\ISIC_0000454_Segmentation.png,0
data_2016\Train\benign\ISIC_0000455.jpg,data_2016\Train_Lesion\benign\ISIC_0000455_Segmentation.png,0
data_2016\Train\benign\ISIC_0000457.jpg,data_2016\Train_Lesion\benign\ISIC_0000457_Segmentation.png,0
data_2016\Train\benign\ISIC_0000458.jpg,data_2016\Train_Lesion\benign\ISIC_0000458_Segmentation.png,0
data_2016\Train\benign\ISIC_0000460.jpg,data_2016\Train_Lesion\benign\ISIC_0000460_Segmentation.png,0
data_2016\Train\benign\ISIC_0000465.jpg,data_2016\Train_Lesion\benign\ISIC_0000465_Segmentation.png,0
data_2016\Train\benign\ISIC_0000467.jpg,data_2016\Train_Lesion\benign\ISIC_0000467_Segmentation.png,0
data_2016\Train\benign\ISIC_0000468.jpg,data_2016\Train_Lesion\benign\ISIC_0000468_Segmentation.png,0
data_2016\Train\benign\ISIC_0000473.jpg,data_2016\Train_Lesion\benign\ISIC_0000473_Segmentation.png,0
data_2016\Train\benign\ISIC_0000474.jpg,data_2016\Train_Lesion\benign\ISIC_0000474_Segmentation.png,0
data_2016\Train\benign\ISIC_0000475.jpg,data_2016\Train_Lesion\benign\ISIC_0000475_Segmentation.png,0
data_2016\Train\benign\ISIC_0000478.jpg,data_2016\Train_Lesion\benign\ISIC_0000478_Segmentation.png,0
data_2016\Train\benign\ISIC_0000480.jpg,data_2016\Train_Lesion\benign\ISIC_0000480_Segmentation.png,0
data_2016\Train\benign\ISIC_0000485.jpg,data_2016\Train_Lesion\benign\ISIC_0000485_Segmentation.png,0
data_2016\Train\benign\ISIC_0000486.jpg,data_2016\Train_Lesion\benign\ISIC_0000486_Segmentation.png,0
data_2016\Train\benign\ISIC_0000488.jpg,data_2016\Train_Lesion\benign\ISIC_0000488_Segmentation.png,0
data_2016\Train\benign\ISIC_0000489.jpg,data_2016\Train_Lesion\benign\ISIC_0000489_Segmentation.png,0
data_2016\Train\benign\ISIC_0000491.jpg,data_2016\Train_Lesion\benign\ISIC_0000491_Segmentation.png,0
data_2016\Train\benign\ISIC_0000492.jpg,data_2016\Train_Lesion\benign\ISIC_0000492_Segmentation.png,0
data_2016\Train\benign\ISIC_0000493.jpg,data_2016\Train_Lesion\benign\ISIC_0000493_Segmentation.png,0
data_2016\Train\benign\ISIC_0000495.jpg,data_2016\Train_Lesion\benign\ISIC_0000495_Segmentation.png,0
data_2016\Train\benign\ISIC_0000496.jpg,data_2016\Train_Lesion\benign\ISIC_0000496_Segmentation.png,0
data_2016\Train\benign\ISIC_0000498.jpg,data_2016\Train_Lesion\benign\ISIC_0000498_Segmentation.png,0
data_2016\Train\benign\ISIC_0000500.jpg,data_2016\Train_Lesion\benign\ISIC_0000500_Segmentation.png,0
data_2016\Train\benign\ISIC_0000503.jpg,data_2016\Train_Lesion\benign\ISIC_0000503_Segmentation.png,0
data_2016\Train\benign\ISIC_0000504.jpg,data_2016\Train_Lesion\benign\ISIC_0000504_Segmentation.png,0
data_2016\Train\benign\ISIC_0000505.jpg,data_2016\Train_Lesion\benign\ISIC_0000505_Segmentation.png,0
data_2016\Train\benign\ISIC_0000506.jpg,data_2016\Train_Lesion\benign\ISIC_0000506_Segmentation.png,0
data_2016\Train\benign\ISIC_0000507.jpg,data_2016\Train_Lesion\benign\ISIC_0000507_Segmentation.png,0
data_2016\Train\benign\ISIC_0000511.jpg,data_2016\Train_Lesion\benign\ISIC_0000511_Segmentation.png,0
data_2016\Train\benign\ISIC_0000514.jpg,data_2016\Train_Lesion\benign\ISIC_0000514_Segmentation.png,0
data_2016\Train\benign\ISIC_0000523.jpg,data_2016\Train_Lesion\benign\ISIC_0000523_Segmentation.png,0
data_2016\Train\benign\ISIC_0000524.jpg,data_2016\Train_Lesion\benign\ISIC_0000524_Segmentation.png,0
data_2016\Train\benign\ISIC_0000528.jpg,data_2016\Train_Lesion\benign\ISIC_0000528_Segmentation.png,0
data_2016\Train\benign\ISIC_0000529.jpg,data_2016\Train_Lesion\benign\ISIC_0000529_Segmentation.png,0
data_2016\Train\benign\ISIC_0000530.jpg,data_2016\Train_Lesion\benign\ISIC_0000530_Segmentation.png,0
data_2016\Train\benign\ISIC_0000532.jpg,data_2016\Train_Lesion\benign\ISIC_0000532_Segmentation.png,0
data_2016\Train\benign\ISIC_0000535.jpg,data_2016\Train_Lesion\benign\ISIC_0000535_Segmentation.png,0
data_2016\Train\benign\ISIC_0000536.jpg,data_2016\Train_Lesion\benign\ISIC_0000536_Segmentation.png,0
data_2016\Train\benign\ISIC_0000538.jpg,data_2016\Train_Lesion\benign\ISIC_0000538_Segmentation.png,0
data_2016\Train\benign\ISIC_0000541.jpg,data_2016\Train_Lesion\benign\ISIC_0000541_Segmentation.png,0
data_2016\Train\benign\ISIC_0000542.jpg,data_2016\Train_Lesion\benign\ISIC_0000542_Segmentation.png,0
data_2016\Train\benign\ISIC_0000543.jpg,data_2016\Train_Lesion\benign\ISIC_0000543_Segmentation.png,0
data_2016\Train\benign\ISIC_0000545.jpg,data_2016\Train_Lesion\benign\ISIC_0000545_Segmentation.png,0
data_2016\Train\benign\ISIC_0000546.jpg,data_2016\Train_Lesion\benign\ISIC_0000546_Segmentation.png,0
data_2016\Train\benign\ISIC_0000556.jpg,data_2016\Train_Lesion\benign\ISIC_0000556_Segmentation.png,0
data_2016\Train\benign\ISIC_0000882.jpg,data_2016\Train_Lesion\benign\ISIC_0000882_Segmentation.png,0
data_2016\Train\benign\ISIC_0000900.jpg,data_2016\Train_Lesion\benign\ISIC_0000900_Segmentation.png,0
data_2016\Train\benign\ISIC_0000999.jpg,data_2016\Train_Lesion\benign\ISIC_0000999_Segmentation.png,0
data_2016\Train\benign\ISIC_0001163.jpg,data_2016\Train_Lesion\benign\ISIC_0001163_Segmentation.png,0
data_2016\Train\benign\ISIC_0001184.jpg,data_2016\Train_Lesion\benign\ISIC_0001184_Segmentation.png,0
data_2016\Train\benign\ISIC_0001187.jpg,data_2016\Train_Lesion\benign\ISIC_0001187_Segmentation.png,0
data_2016\Train\benign\ISIC_0001188.jpg,data_2016\Train_Lesion\benign\ISIC_0001188_Segmentation.png,0
data_2016\Train\benign\ISIC_0001191.jpg,data_2016\Train_Lesion\benign\ISIC_0001191_Segmentation.png,0
data_2016\Train\benign\ISIC_0001212.jpg,data_2016\Train_Lesion\benign\ISIC_0001212_Segmentation.png,0
data_2016\Train\benign\ISIC_0001213.jpg,data_2016\Train_Lesion\benign\ISIC_0001213_Segmentation.png,0
data_2016\Train\benign\ISIC_0001216.jpg,data_2016\Train_Lesion\benign\ISIC_0001216_Segmentation.png,0
data_2016\Train\benign\ISIC_0001254.jpg,data_2016\Train_Lesion\benign\ISIC_0001254_Segmentation.png,0
data_2016\Train\benign\ISIC_0001262.jpg,data_2016\Train_Lesion\benign\ISIC_0001262_Segmentation.png,0
data_2016\Train\benign\ISIC_0001267.jpg,data_2016\Train_Lesion\benign\ISIC_0001267_Segmentation.png,0
data_2016\Train\benign\ISIC_0001275.jpg,data_2016\Train_Lesion\benign\ISIC_0001275_Segmentation.png,0
data_2016\Train\benign\ISIC_0001286.jpg,data_2016\Train_Lesion\benign\ISIC_0001286_Segmentation.png,0
data_2016\Train\benign\ISIC_0001292.jpg,data_2016\Train_Lesion\benign\ISIC_0001292_Segmentation.png,0
data_2016\Train\benign\ISIC_0001296.jpg,data_2016\Train_Lesion\benign\ISIC_0001296_Segmentation.png,0
data_2016\Train\benign\ISIC_0001306.jpg,data_2016\Train_Lesion\benign\ISIC_0001306_Segmentation.png,0
data_2016\Train\benign\ISIC_0001367.jpg,data_2016\Train_Lesion\benign\ISIC_0001367_Segmentation.png,0
data_2016\Train\benign\ISIC_0001372.jpg,data_2016\Train_Lesion\benign\ISIC_0001372_Segmentation.png,0
data_2016\Train\benign\ISIC_0001374.jpg,data_2016\Train_Lesion\benign\ISIC_0001374_Segmentation.png,0
data_2016\Train\benign\ISIC_0001385.jpg,data_2016\Train_Lesion\benign\ISIC_0001385_Segmentation.png,0
data_2016\Train\benign\ISIC_0001423.jpg,data_2016\Train_Lesion\benign\ISIC_0001423_Segmentation.png,0
data_2016\Train\benign\ISIC_0001442.jpg,data_2016\Train_Lesion\benign\ISIC_0001442_Segmentation.png,0
data_2016\Train\benign\ISIC_0001742.jpg,data_2016\Train_Lesion\benign\ISIC_0001742_Segmentation.png,0
data_2016\Train\benign\ISIC_0002093.jpg,data_2016\Train_Lesion\benign\ISIC_0002093_Segmentation.png,0
data_2016\Train\benign\ISIC_0002251.jpg,data_2016\Train_Lesion\benign\ISIC_0002251_Segmentation.png,0
data_2016\Train\benign\ISIC_0002287.jpg,data_2016\Train_Lesion\benign\ISIC_0002287_Segmentation.png,0
data_2016\Train\benign\ISIC_0002353.jpg,data_2016\Train_Lesion\benign\ISIC_0002353_Segmentation.png,0
data_2016\Train\benign\ISIC_0002374.jpg,data_2016\Train_Lesion\benign\ISIC_0002374_Segmentation.png,0
data_2016\Train\benign\ISIC_0002438.jpg,data_2016\Train_Lesion\benign\ISIC_0002438_Segmentation.png,0
data_2016\Train\benign\ISIC_0002439.jpg,data_2016\Train_Lesion\benign\ISIC_0002439_Segmentation.png,0
data_2016\Train\benign\ISIC_0002453.jpg,data_2016\Train_Lesion\benign\ISIC_0002453_Segmentation.png,0
data_2016\Train\benign\ISIC_0002459.jpg,data_2016\Train_Lesion\benign\ISIC_0002459_Segmentation.png,0
data_2016\Train\benign\ISIC_0002469.jpg,data_2016\Train_Lesion\benign\ISIC_0002469_Segmentation.png,0
data_2016\Train\benign\ISIC_0002476.jpg,data_2016\Train_Lesion\benign\ISIC_0002476_Segmentation.png,0
data_2016\Train\benign\ISIC_0002488.jpg,data_2016\Train_Lesion\benign\ISIC_0002488_Segmentation.png,0
data_2016\Train\benign\ISIC_0002489.jpg,data_2016\Train_Lesion\benign\ISIC_0002489_Segmentation.png,0
data_2016\Train\benign\ISIC_0002616.jpg,data_2016\Train_Lesion\benign\ISIC_0002616_Segmentation.png,0
data_2016\Train\benign\ISIC_0002647.jpg,data_2016\Train_Lesion\benign\ISIC_0002647_Segmentation.png,0
data_2016\Train\benign\ISIC_0002780.jpg,data_2016\Train_Lesion\benign\ISIC_0002780_Segmentation.png,0
data_2016\Train\benign\ISIC_0002806.jpg,data_2016\Train_Lesion\benign\ISIC_0002806_Segmentation.png,0
data_2016\Train\benign\ISIC_0002836.jpg,data_2016\Train_Lesion\benign\ISIC_0002836_Segmentation.png,0
data_2016\Train\benign\ISIC_0002879.jpg,data_2016\Train_Lesion\benign\ISIC_0002879_Segmentation.png,0
data_2016\Train\benign\ISIC_0002885.jpg,data_2016\Train_Lesion\benign\ISIC_0002885_Segmentation.png,0
data_2016\Train\benign\ISIC_0002975.jpg,data_2016\Train_Lesion\benign\ISIC_0002975_Segmentation.png,0
data_2016\Train\benign\ISIC_0002976.jpg,data_2016\Train_Lesion\benign\ISIC_0002976_Segmentation.png,0
data_2016\Train\benign\ISIC_0003005.jpg,data_2016\Train_Lesion\benign\ISIC_0003005_Segmentation.png,0
data_2016\Train\benign\ISIC_0003051.jpg,data_2016\Train_Lesion\benign\ISIC_0003051_Segmentation.png,0
data_2016\Train\benign\ISIC_0003174.jpg,data_2016\Train_Lesion\benign\ISIC_0003174_Segmentation.png,0
data_2016\Train\benign\ISIC_0003308.jpg,data_2016\Train_Lesion\benign\ISIC_0003308_Segmentation.png,0
data_2016\Train\benign\ISIC_0003346.jpg,data_2016\Train_Lesion\benign\ISIC_0003346_Segmentation.png,0
data_2016\Train\benign\ISIC_0004110.jpg,data_2016\Train_Lesion\benign\ISIC_0004110_Segmentation.png,0
data_2016\Train\benign\ISIC_0004166.jpg,data_2016\Train_Lesion\benign\ISIC_0004166_Segmentation.png,0
data_2016\Train\benign\ISIC_0004309.jpg,data_2016\Train_Lesion\benign\ISIC_0004309_Segmentation.png,0
data_2016\Train\benign\ISIC_0004715.jpg,data_2016\Train_Lesion\benign\ISIC_0004715_Segmentation.png,0
data_2016\Train\benign\ISIC_0005187.jpg,data_2016\Train_Lesion\benign\ISIC_0005187_Segmentation.png,0
data_2016\Train\benign\ISIC_0005247.jpg,data_2016\Train_Lesion\benign\ISIC_0005247_Segmentation.png,0
data_2016\Train\benign\ISIC_0005548.jpg,data_2016\Train_Lesion\benign\ISIC_0005548_Segmentation.png,0
data_2016\Train\benign\ISIC_0005555.jpg,data_2016\Train_Lesion\benign\ISIC_0005555_Segmentation.png,0
data_2016\Train\benign\ISIC_0005564.jpg,data_2016\Train_Lesion\benign\ISIC_0005564_Segmentation.png,0
data_2016\Train\benign\ISIC_0005620.jpg,data_2016\Train_Lesion\benign\ISIC_0005620_Segmentation.png,0
data_2016\Train\benign\ISIC_0005639.jpg,data_2016\Train_Lesion\benign\ISIC_0005639_Segmentation.png,0
data_2016\Train\benign\ISIC_0005666.jpg,data_2016\Train_Lesion\benign\ISIC_0005666_Segmentation.png,0
data_2016\Train\benign\ISIC_0005787.jpg,data_2016\Train_Lesion\benign\ISIC_0005787_Segmentation.png,0
data_2016\Train\benign\ISIC_0006021.jpg,data_2016\Train_Lesion\benign\ISIC_0006021_Segmentation.png,0
data_2016\Train\benign\ISIC_0006114.jpg,data_2016\Train_Lesion\benign\ISIC_0006114_Segmentation.png,0
data_2016\Train\benign\ISIC_0006326.jpg,data_2016\Train_Lesion\benign\ISIC_0006326_Segmentation.png,0
data_2016\Train\benign\ISIC_0006350.jpg,data_2016\Train_Lesion\benign\ISIC_0006350_Segmentation.png,0
data_2016\Train\benign\ISIC_0006776.jpg,data_2016\Train_Lesion\benign\ISIC_0006776_Segmentation.png,0
data_2016\Train\benign\ISIC_0006795.jpg,data_2016\Train_Lesion\benign\ISIC_0006795_Segmentation.png,0
data_2016\Train\benign\ISIC_0006800.jpg,data_2016\Train_Lesion\benign\ISIC_0006800_Segmentation.png,0
data_2016\Train\benign\ISIC_0007038.jpg,data_2016\Train_Lesion\benign\ISIC_0007038_Segmentation.png,0
data_2016\Train\benign\ISIC_0007087.jpg,data_2016\Train_Lesion\benign\ISIC_0007087_Segmentation.png,0
data_2016\Train\benign\ISIC_0007475.jpg,data_2016\Train_Lesion\benign\ISIC_0007475_Segmentation.png,0
data_2016\Train\benign\ISIC_0007557.jpg,data_2016\Train_Lesion\benign\ISIC_0007557_Segmentation.png,0
data_2016\Train\benign\ISIC_0007760.jpg,data_2016\Train_Lesion\benign\ISIC_0007760_Segmentation.png,0
data_2016\Train\benign\ISIC_0007788.jpg,data_2016\Train_Lesion\benign\ISIC_0007788_Segmentation.png,0
data_2016\Train\benign\ISIC_0008029.jpg,data_2016\Train_Lesion\benign\ISIC_0008029_Segmentation.png,0
data_2016\Train\benign\ISIC_0008145.jpg,data_2016\Train_Lesion\benign\ISIC_0008145_Segmentation.png,0
data_2016\Train\benign\ISIC_0008236.jpg,data_2016\Train_Lesion\benign\ISIC_0008236_Segmentation.png,0
data_2016\Train\benign\ISIC_0008280.jpg,data_2016\Train_Lesion\benign\ISIC_0008280_Segmentation.png,0
data_2016\Train\benign\ISIC_0008347.jpg,data_2016\Train_Lesion\benign\ISIC_0008347_Segmentation.png,0
data_2016\Train\benign\ISIC_0008396.jpg,data_2016\Train_Lesion\benign\ISIC_0008396_Segmentation.png,0
data_2016\Train\benign\ISIC_0008403.jpg,data_2016\Train_Lesion\benign\ISIC_0008403_Segmentation.png,0
data_2016\Train\benign\ISIC_0008524.jpg,data_2016\Train_Lesion\benign\ISIC_0008524_Segmentation.png,0
data_2016\Train\benign\ISIC_0008528.jpg,data_2016\Train_Lesion\benign\ISIC_0008528_Segmentation.png,0
data_2016\Train\benign\ISIC_0008541.jpg,data_2016\Train_Lesion\benign\ISIC_0008541_Segmentation.png,0
data_2016\Train\benign\ISIC_0008552.jpg,data_2016\Train_Lesion\benign\ISIC_0008552_Segmentation.png,0
data_2016\Train\benign\ISIC_0008785.jpg,data_2016\Train_Lesion\benign\ISIC_0008785_Segmentation.png,0
data_2016\Train\benign\ISIC_0008807.jpg,data_2016\Train_Lesion\benign\ISIC_0008807_Segmentation.png,0
data_2016\Train\benign\ISIC_0008879.jpg,data_2016\Train_Lesion\benign\ISIC_0008879_Segmentation.png,0
data_2016\Train\benign\ISIC_0008913.jpg,data_2016\Train_Lesion\benign\ISIC_0008913_Segmentation.png,0
data_2016\Train\benign\ISIC_0008993.jpg,data_2016\Train_Lesion\benign\ISIC_0008993_Segmentation.png,0
data_2016\Train\benign\ISIC_0009160.jpg,data_2016\Train_Lesion\benign\ISIC_0009160_Segmentation.png,0
data_2016\Train\benign\ISIC_0009188.jpg,data_2016\Train_Lesion\benign\ISIC_0009188_Segmentation.png,0
data_2016\Train\benign\ISIC_0009252.jpg,data_2016\Train_Lesion\benign\ISIC_0009252_Segmentation.png,0
data_2016\Train\benign\ISIC_0009297.jpg,data_2016\Train_Lesion\benign\ISIC_0009297_Segmentation.png,0
data_2016\Train\benign\ISIC_0009344.jpg,data_2016\Train_Lesion\benign\ISIC_0009344_Segmentation.png,0
data_2016\Train\benign\ISIC_0009430.jpg,data_2016\Train_Lesion\benign\ISIC_0009430_Segmentation.png,0
data_2016\Train\benign\ISIC_0009504.jpg,data_2016\Train_Lesion\benign\ISIC_0009504_Segmentation.png,0
data_2016\Train\benign\ISIC_0009505.jpg,data_2016\Train_Lesion\benign\ISIC_0009505_Segmentation.png,0
data_2016\Train\benign\ISIC_0009533.jpg,data_2016\Train_Lesion\benign\ISIC_0009533_Segmentation.png,0
data_2016\Train\benign\ISIC_0009583.jpg,data_2016\Train_Lesion\benign\ISIC_0009583_Segmentation.png,0
data_2016\Train\benign\ISIC_0009599.jpg,data_2016\Train_Lesion\benign\ISIC_0009599_Segmentation.png,0
data_2016\Train\benign\ISIC_0009800.jpg,data_2016\Train_Lesion\benign\ISIC_0009800_Segmentation.png,0
data_2016\Train\benign\ISIC_0009860.jpg,data_2016\Train_Lesion\benign\ISIC_0009860_Segmentation.png,0
data_2016\Train\benign\ISIC_0009870.jpg,data_2016\Train_Lesion\benign\ISIC_0009870_Segmentation.png,0
data_2016\Train\benign\ISIC_0009871.jpg,data_2016\Train_Lesion\benign\ISIC_0009871_Segmentation.png,0
data_2016\Train\benign\ISIC_0009873.jpg,data_2016\Train_Lesion\benign\ISIC_0009873_Segmentation.png,0
data_2016\Train\benign\ISIC_0009875.jpg,data_2016\Train_Lesion\benign\ISIC_0009875_Segmentation.png,0
data_2016\Train\benign\ISIC_0009877.jpg,data_2016\Train_Lesion\benign\ISIC_0009877_Segmentation.png,0
data_2016\Train\benign\ISIC_0009884.jpg,data_2016\Train_Lesion\benign\ISIC_0009884_Segmentation.png,0
data_2016\Train\benign\ISIC_0009888.jpg,data_2016\Train_Lesion\benign\ISIC_0009888_Segmentation.png,0
data_2016\Train\benign\ISIC_0009895.jpg,data_2016\Train_Lesion\benign\ISIC_0009895_Segmentation.png,0
data_2016\Train\benign\ISIC_0009896.jpg,data_2016\Train_Lesion\benign\ISIC_0009896_Segmentation.png,0
data_2016\Train\benign\ISIC_0009899.jpg,data_2016\Train_Lesion\benign\ISIC_0009899_Segmentation.png,0
data_2016\Train\benign\ISIC_0009900.jpg,data_2016\Train_Lesion\benign\ISIC_0009900_Segmentation.png,0
data_2016\Train\benign\ISIC_0009904.jpg,data_2016\Train_Lesion\benign\ISIC_0009904_Segmentation.png,0
data_2016\Train\benign\ISIC_0009909.jpg,data_2016\Train_Lesion\benign\ISIC_0009909_Segmentation.png,0
data_2016\Train\benign\ISIC_0009911.jpg,data_2016\Train_Lesion\benign\ISIC_0009911_Segmentation.png,0
data_2016\Train\benign\ISIC_0009912.jpg,data_2016\Train_Lesion\benign\ISIC_0009912_Segmentation.png,0
data_2016\Train\benign\ISIC_0009914.jpg,data_2016\Train_Lesion\benign\ISIC_0009914_Segmentation.png,0
data_2016\Train\benign\ISIC_0009915.jpg,data_2016\Train_Lesion\benign\ISIC_0009915_Segmentation.png,0
data_2016\Train\benign\ISIC_0009917.jpg,data_2016\Train_Lesion\benign\ISIC_0009917_Segmentation.png,0
data_2016\Train\benign\ISIC_0009919.jpg,data_2016\Train_Lesion\benign\ISIC_0009919_Segmentation.png,0
data_2016\Train\benign\ISIC_0009921.jpg,data_2016\Train_Lesion\benign\ISIC_0009921_Segmentation.png,0
data_2016\Train\benign\ISIC_0009925.jpg,data_2016\Train_Lesion\benign\ISIC_0009925_Segmentation.png,0
data_2016\Train\benign\ISIC_0009929.jpg,data_2016\Train_Lesion\benign\ISIC_0009929_Segmentation.png,0
data_2016\Train\benign\ISIC_0009932.jpg,data_2016\Train_Lesion\benign\ISIC_0009932_Segmentation.png,0
data_2016\Train\benign\ISIC_0009933.jpg,data_2016\Train_Lesion\benign\ISIC_0009933_Segmentation.png,0
data_2016\Train\benign\ISIC_0009935.jpg,data_2016\Train_Lesion\benign\ISIC_0009935_Segmentation.png,0
data_2016\Train\benign\ISIC_0009936.jpg,data_2016\Train_Lesion\benign\ISIC_0009936_Segmentation.png,0
data_2016\Train\benign\ISIC_0009937.jpg,data_2016\Train_Lesion\benign\ISIC_0009937_Segmentation.png,0
data_2016\Train\benign\ISIC_0009938.jpg,data_2016\Train_Lesion\benign\ISIC_0009938_Segmentation.png,0
data_2016\Train\benign\ISIC_0009939.jpg,data_2016\Train_Lesion\benign\ISIC_0009939_Segmentation.png,0
data_2016\Train\benign\ISIC_0009940.jpg,data_2016\Train_Lesion\benign\ISIC_0009940_Segmentation.png,0
data_2016\Train\benign\ISIC_0009941.jpg,data_2016\Train_Lesion\benign\ISIC_0009941_Segmentation.png,0
data_2016\Train\benign\ISIC_0009942.jpg,data_2016\Train_Lesion\benign\ISIC_0009942_Segmentation.png,0
data_2016\Train\benign\ISIC_0009944.jpg,data_2016\Train_Lesion\benign\ISIC_0009944_Segmentation.png,0
data_2016\Train\benign\ISIC_0009947.jpg,data_2016\Train_Lesion\benign\ISIC_0009947_Segmentation.png,0
data_2016\Train\benign\ISIC_0009949.jpg,data_2016\Train_Lesion\benign\ISIC_0009949_Segmentation.png,0
data_2016\Train\benign\ISIC_0009953.jpg,data_2016\Train_Lesion\benign\ISIC_0009953_Segmentation.png,0
data_2016\Train\benign\ISIC_0009961.jpg,data_2016\Train_Lesion\benign\ISIC_0009961_Segmentation.png,0
data_2016\Train\benign\ISIC_0009962.jpg,data_2016\Train_Lesion\benign\ISIC_0009962_Segmentation.png,0
data_2016\Train\benign\ISIC_0009963.jpg,data_2016\Train_Lesion\benign\ISIC_0009963_Segmentation.png,0
data_2016\Train\benign\ISIC_0009964.jpg,data_2016\Train_Lesion\benign\ISIC_0009964_Segmentation.png,0
data_2016\Train\benign\ISIC_0009966.jpg,data_2016\Train_Lesion\benign\ISIC_0009966_Segmentation.png,0
data_2016\Train\benign\ISIC_0009967.jpg,data_2016\Train_Lesion\benign\ISIC_0009967_Segmentation.png,0
data_2016\Train\benign\ISIC_0009968.jpg,data_2016\Train_Lesion\benign\ISIC_0009968_Segmentation.png,0
data_2016\Train\benign\ISIC_0009972.jpg,data_2016\Train_Lesion\benign\ISIC_0009972_Segmentation.png,0
data_2016\Train\benign\ISIC_0009973.jpg,data_2016\Train_Lesion\benign\ISIC_0009973_Segmentation.png,0
data_2016\Train\benign\ISIC_0009974.jpg,data_2016\Train_Lesion\benign\ISIC_0009974_Segmentation.png,0
data_2016\Train\benign\ISIC_0009975.jpg,data_2016\Train_Lesion\benign\ISIC_0009975_Segmentation.png,0
data_2016\Train\benign\ISIC_0009976.jpg,data_2016\Train_Lesion\benign\ISIC_0009976_Segmentation.png,0
data_2016\Train\benign\ISIC_0009979.jpg,data_2016\Train_Lesion\benign\ISIC_0009979_Segmentation.png,0
data_2016\Train\benign\ISIC_0009981.jpg,data_2016\Train_Lesion\benign\ISIC_0009981_Segmentation.png,0
data_2016\Train\benign\ISIC_0009983.jpg,data_2016\Train_Lesion\benign\ISIC_0009983_Segmentation.png,0
data_2016\Train\benign\ISIC_0009986.jpg,data_2016\Train_Lesion\benign\ISIC_0009986_Segmentation.png,0
data_2016\Train\benign\ISIC_0009987.jpg,data_2016\Train_Lesion\benign\ISIC_0009987_Segmentation.png,0
data_2016\Train\benign\ISIC_0009995.jpg,data_2016\Train_Lesion\benign\ISIC_0009995_Segmentation.png,0
data_2016\Train\benign\ISIC_0010002.jpg,data_2016\Train_Lesion\benign\ISIC_0010002_Segmentation.png,0
data_2016\Train\benign\ISIC_0010003.jpg,data_2016\Train_Lesion\benign\ISIC_0010003_Segmentation.png,0
data_2016\Train\benign\ISIC_0010005.jpg,data_2016\Train_Lesion\benign\ISIC_0010005_Segmentation.png,0
data_2016\Train\benign\ISIC_0010006.jpg,data_2016\Train_Lesion\benign\ISIC_0010006_Segmentation.png,0
data_2016\Train\benign\ISIC_0010010.jpg,data_2016\Train_Lesion\benign\ISIC_0010010_Segmentation.png,0
data_2016\Train\benign\ISIC_0010014.jpg,data_2016\Train_Lesion\benign\ISIC_0010014_Segmentation.png,0
data_2016\Train\benign\ISIC_0010015.jpg,data_2016\Train_Lesion\benign\ISIC_0010015_Segmentation.png,0
data_2016\Train\benign\ISIC_0010017.jpg,data_2016\Train_Lesion\benign\ISIC_0010017_Segmentation.png,0
data_2016\Train\benign\ISIC_0010019.jpg,data_2016\Train_Lesion\benign\ISIC_0010019_Segmentation.png,0
data_2016\Train\benign\ISIC_0010021.jpg,data_2016\Train_Lesion\benign\ISIC_0010021_Segmentation.png,0
data_2016\Train\benign\ISIC_0010022.jpg,data_2016\Train_Lesion\benign\ISIC_0010022_Segmentation.png,0
data_2016\Train\benign\ISIC_0010032.jpg,data_2016\Train_Lesion\benign\ISIC_0010032_Segmentation.png,0
data_2016\Train\benign\ISIC_0010035.jpg,data_2016\Train_Lesion\benign\ISIC_0010035_Segmentation.png,0
data_2016\Train\benign\ISIC_0010040.jpg,data_2016\Train_Lesion\benign\ISIC_0010040_Segmentation.png,0
data_2016\Train\benign\ISIC_0010042.jpg,data_2016\Train_Lesion\benign\ISIC_0010042_Segmentation.png,0
data_2016\Train\benign\ISIC_0010044.jpg,data_2016\Train_Lesion\benign\ISIC_0010044_Segmentation.png,0
data_2016\Train\benign\ISIC_0010051.jpg,data_2016\Train_Lesion\benign\ISIC_0010051_Segmentation.png,0
data_2016\Train\benign\ISIC_0010052.jpg,data_2016\Train_Lesion\benign\ISIC_0010052_Segmentation.png,0
data_2016\Train\benign\ISIC_0010053.jpg,data_2016\Train_Lesion\benign\ISIC_0010053_Segmentation.png,0
data_2016\Train\benign\ISIC_0010057.jpg,data_2016\Train_Lesion\benign\ISIC_0010057_Segmentation.png,0
data_2016\Train\benign\ISIC_0010060.jpg,data_2016\Train_Lesion\benign\ISIC_0010060_Segmentation.png,0
data_2016\Train\benign\ISIC_0010063.jpg,data_2016\Train_Lesion\benign\ISIC_0010063_Segmentation.png,0
data_2016\Train\benign\ISIC_0010064.jpg,data_2016\Train_Lesion\benign\ISIC_0010064_Segmentation.png,0
data_2016\Train\benign\ISIC_0010066.jpg,data_2016\Train_Lesion\benign\ISIC_0010066_Segmentation.png,0
data_2016\Train\benign\ISIC_0010068.jpg,data_2016\Train_Lesion\benign\ISIC_0010068_Segmentation.png,0
data_2016\Train\benign\ISIC_0010069.jpg,data_2016\Train_Lesion\benign\ISIC_0010069_Segmentation.png,0
data_2016\Train\benign\ISIC_0010070.jpg,data_2016\Train_Lesion\benign\ISIC_0010070_Segmentation.png,0
data_2016\Train\benign\ISIC_0010071.jpg,data_2016\Train_Lesion\benign\ISIC_0010071_Segmentation.png,0
data_2016\Train\benign\ISIC_0010074.jpg,data_2016\Train_Lesion\benign\ISIC_0010074_Segmentation.png,0
data_2016\Train\benign\ISIC_0010075.jpg,data_2016\Train_Lesion\benign\ISIC_0010075_Segmentation.png,0
data_2016\Train\benign\ISIC_0010078.jpg,data_2016\Train_Lesion\benign\ISIC_0010078_Segmentation.png,0
data_2016\Train\benign\ISIC_0010079.jpg,data_2016\Train_Lesion\benign\ISIC_0010079_Segmentation.png,0
data_2016\Train\benign\ISIC_0010083.jpg,data_2016\Train_Lesion\benign\ISIC_0010083_Segmentation.png,0
data_2016\Train\benign\ISIC_0010086.jpg,data_2016\Train_Lesion\benign\ISIC_0010086_Segmentation.png,0
data_2016\Train\benign\ISIC_0010087.jpg,data_2016\Train_Lesion\benign\ISIC_0010087_Segmentation.png,0
data_2016\Train\benign\ISIC_0010090.jpg,data_2016\Train_Lesion\benign\ISIC_0010090_Segmentation.png,0
data_2016\Train\benign\ISIC_0010091.jpg,data_2016\Train_Lesion\benign\ISIC_0010091_Segmentation.png,0
data_2016\Train\benign\ISIC_0010093.jpg,data_2016\Train_Lesion\benign\ISIC_0010093_Segmentation.png,0
data_2016\Train\benign\ISIC_0010094.jpg,data_2016\Train_Lesion\benign\ISIC_0010094_Segmentation.png,0
data_2016\Train\benign\ISIC_0010101.jpg,data_2016\Train_Lesion\benign\ISIC_0010101_Segmentation.png,0
data_2016\Train\benign\ISIC_0010102.jpg,data_2016\Train_Lesion\benign\ISIC_0010102_Segmentation.png,0
data_2016\Train\benign\ISIC_0010104.jpg,data_2016\Train_Lesion\benign\ISIC_0010104_Segmentation.png,0
data_2016\Train\benign\ISIC_0010105.jpg,data_2016\Train_Lesion\benign\ISIC_0010105_Segmentation.png,0
data_2016\Train\benign\ISIC_0010168.jpg,data_2016\Train_Lesion\benign\ISIC_0010168_Segmentation.png,0
data_2016\Train\benign\ISIC_0010169.jpg,data_2016\Train_Lesion\benign\ISIC_0010169_Segmentation.png,0
data_2016\Train\benign\ISIC_0010170.jpg,data_2016\Train_Lesion\benign\ISIC_0010170_Segmentation.png,0
data_2016\Train\benign\ISIC_0010176.jpg,data_2016\Train_Lesion\benign\ISIC_0010176_Segmentation.png,0
data_2016\Train\benign\ISIC_0010177.jpg,data_2016\Train_Lesion\benign\ISIC_0010177_Segmentation.png,0
data_2016\Train\benign\ISIC_0010178.jpg,data_2016\Train_Lesion\benign\ISIC_0010178_Segmentation.png,0
data_2016\Train\benign\ISIC_0010182.jpg,data_2016\Train_Lesion\benign\ISIC_0010182_Segmentation.png,0
data_2016\Train\benign\ISIC_0010184.jpg,data_2016\Train_Lesion\benign\ISIC_0010184_Segmentation.png,0
data_2016\Train\benign\ISIC_0010185.jpg,data_2016\Train_Lesion\benign\ISIC_0010185_Segmentation.png,0
data_2016\Train\benign\ISIC_0010186.jpg,data_2016\Train_Lesion\benign\ISIC_0010186_Segmentation.png,0
data_2016\Train\benign\ISIC_0010191.jpg,data_2016\Train_Lesion\benign\ISIC_0010191_Segmentation.png,0
data_2016\Train\benign\ISIC_0010203.jpg,data_2016\Train_Lesion\benign\ISIC_0010203_Segmentation.png,0
data_2016\Train\benign\ISIC_0010204.jpg,data_2016\Train_Lesion\benign\ISIC_0010204_Segmentation.png,0
data_2016\Train\benign\ISIC_0010212.jpg,data_2016\Train_Lesion\benign\ISIC_0010212_Segmentation.png,0
data_2016\Train\benign\ISIC_0010219.jpg,data_2016\Train_Lesion\benign\ISIC_0010219_Segmentation.png,0
data_2016\Train\benign\ISIC_0010220.jpg,data_2016\Train_Lesion\benign\ISIC_0010220_Segmentation.png,0
data_2016\Train\benign\ISIC_0010222.jpg,data_2016\Train_Lesion\benign\ISIC_0010222_Segmentation.png,0
data_2016\Train\benign\ISIC_0010223.jpg,data_2016\Train_Lesion\benign\ISIC_0010223_Segmentation.png,0
data_2016\Train\benign\ISIC_0010226.jpg,data_2016\Train_Lesion\benign\ISIC_0010226_Segmentation.png,0
data_2016\Train\benign\ISIC_0010227.jpg,data_2016\Train_Lesion\benign\ISIC_0010227_Segmentation.png,0
data_2016\Train\benign\ISIC_0010228.jpg,data_2016\Train_Lesion\benign\ISIC_0010228_Segmentation.png,0
data_2016\Train\benign\ISIC_0010230.jpg,data_2016\Train_Lesion\benign\ISIC_0010230_Segmentation.png,0
data_2016\Train\benign\ISIC_0010232.jpg,data_2016\Train_Lesion\benign\ISIC_0010232_Segmentation.png,0
data_2016\Train\benign\ISIC_0010233.jpg,data_2016\Train_Lesion\benign\ISIC_0010233_Segmentation.png,0
data_2016\Train\benign\ISIC_0010236.jpg,data_2016\Train_Lesion\benign\ISIC_0010236_Segmentation.png,0
data_2016\Train\benign\ISIC_0010237.jpg,data_2016\Train_Lesion\benign\ISIC_0010237_Segmentation.png,0
data_2016\Train\benign\ISIC_0010239.jpg,data_2016\Train_Lesion\benign\ISIC_0010239_Segmentation.png,0
data_2016\Train\benign\ISIC_0010244.jpg,data_2016\Train_Lesion\benign\ISIC_0010244_Segmentation.png,0
data_2016\Train\benign\ISIC_0010246.jpg,data_2016\Train_Lesion\benign\ISIC_0010246_Segmentation.png,0
data_2016\Train\benign\ISIC_0010247.jpg,data_2016\Train_Lesion\benign\ISIC_0010247_Segmentation.png,0
data_2016\Train\benign\ISIC_0010248.jpg,data_2016\Train_Lesion\benign\ISIC_0010248_Segmentation.png,0
data_2016\Train\benign\ISIC_0010249.jpg,data_2016\Train_Lesion\benign\ISIC_0010249_Segmentation.png,0
data_2016\Train\benign\ISIC_0010252.jpg,data_2016\Train_Lesion\benign\ISIC_0010252_Segmentation.png,0
data_2016\Train\benign\ISIC_0010256.jpg,data_2016\Train_Lesion\benign\ISIC_0010256_Segmentation.png,0
data_2016\Train\benign\ISIC_0010262.jpg,data_2016\Train_Lesion\benign\ISIC_0010262_Segmentation.png,0
data_2016\Train\benign\ISIC_0010263.jpg,data_2016\Train_Lesion\benign\ISIC_0010263_Segmentation.png,0
data_2016\Train\benign\ISIC_0010264.jpg,data_2016\Train_Lesion\benign\ISIC_0010264_Segmentation.png,0
data_2016\Train\benign\ISIC_0010317.jpg,data_2016\Train_Lesion\benign\ISIC_0010317_Segmentation.png,0
data_2016\Train\benign\ISIC_0010320.jpg,data_2016\Train_Lesion\benign\ISIC_0010320_Segmentation.png,0
data_2016\Train\benign\ISIC_0010323.jpg,data_2016\Train_Lesion\benign\ISIC_0010323_Segmentation.png,0
data_2016\Train\benign\ISIC_0010324.jpg,data_2016\Train_Lesion\benign\ISIC_0010324_Segmentation.png,0
data_2016\Train\benign\ISIC_0010325.jpg,data_2016\Train_Lesion\benign\ISIC_0010325_Segmentation.png,0
data_2016\Train\benign\ISIC_0010327.jpg,data_2016\Train_Lesion\benign\ISIC_0010327_Segmentation.png,0
data_2016\Train\benign\ISIC_0010330.jpg,data_2016\Train_Lesion\benign\ISIC_0010330_Segmentation.png,0
data_2016\Train\benign\ISIC_0010332.jpg,data_2016\Train_Lesion\benign\ISIC_0010332_Segmentation.png,0
data_2016\Train\benign\ISIC_0010333.jpg,data_2016\Train_Lesion\benign\ISIC_0010333_Segmentation.png,0
data_2016\Train\benign\ISIC_0010334.jpg,data_2016\Train_Lesion\benign\ISIC_0010334_Segmentation.png,0
data_2016\Train\benign\ISIC_0010335.jpg,data_2016\Train_Lesion\benign\ISIC_0010335_Segmentation.png,0
data_2016\Train\benign\ISIC_0010337.jpg,data_2016\Train_Lesion\benign\ISIC_0010337_Segmentation.png,0
data_2016\Train\benign\ISIC_0010339.jpg,data_2016\Train_Lesion\benign\ISIC_0010339_Segmentation.png,0
data_2016\Train\benign\ISIC_0010341.jpg,data_2016\Train_Lesion\benign\ISIC_0010341_Segmentation.png,0
data_2016\Train\benign\ISIC_0010342.jpg,data_2016\Train_Lesion\benign\ISIC_0010342_Segmentation.png,0
data_2016\Train\benign\ISIC_0010344.jpg,data_2016\Train_Lesion\benign\ISIC_0010344_Segmentation.png,0
data_2016\Train\benign\ISIC_0010351.jpg,data_2016\Train_Lesion\benign\ISIC_0010351_Segmentation.png,0
data_2016\Train\benign\ISIC_0010352.jpg,data_2016\Train_Lesion\benign\ISIC_0010352_Segmentation.png,0
data_2016\Train\benign\ISIC_0010357.jpg,data_2016\Train_Lesion\benign\ISIC_0010357_Segmentation.png,0
data_2016\Train\benign\ISIC_0010361.jpg,data_2016\Train_Lesion\benign\ISIC_0010361_Segmentation.png,0
data_2016\Train\benign\ISIC_0010362.jpg,data_2016\Train_Lesion\benign\ISIC_0010362_Segmentation.png,0
data_2016\Train\benign\ISIC_0010365.jpg,data_2016\Train_Lesion\benign\ISIC_0010365_Segmentation.png,0
data_2016\Train\benign\ISIC_0010367.jpg,data_2016\Train_Lesion\benign\ISIC_0010367_Segmentation.png,0
data_2016\Train\benign\ISIC_0010370.jpg,data_2016\Train_Lesion\benign\ISIC_0010370_Segmentation.png,0
data_2016\Train\benign\ISIC_0010371.jpg,data_2016\Train_Lesion\benign\ISIC_0010371_Segmentation.png,0
data_2016\Train\benign\ISIC_0010382.jpg,data_2016\Train_Lesion\benign\ISIC_0010382_Segmentation.png,0
data_2016\Train\benign\ISIC_0010435.jpg,data_2016\Train_Lesion\benign\ISIC_0010435_Segmentation.png,0
data_2016\Train\benign\ISIC_0010436.jpg,data_2016\Train_Lesion\benign\ISIC_0010436_Segmentation.png,0
data_2016\Train\benign\ISIC_0010439.jpg,data_2016\Train_Lesion\benign\ISIC_0010439_Segmentation.png,0
data_2016\Train\benign\ISIC_0010440.jpg,data_2016\Train_Lesion\benign\ISIC_0010440_Segmentation.png,0
data_2016\Train\benign\ISIC_0010443.jpg,data_2016\Train_Lesion\benign\ISIC_0010443_Segmentation.png,0
data_2016\Train\benign\ISIC_0010445.jpg,data_2016\Train_Lesion\benign\ISIC_0010445_Segmentation.png,0
data_2016\Train\benign\ISIC_0010447.jpg,data_2016\Train_Lesion\benign\ISIC_0010447_Segmentation.png,0
data_2016\Train\benign\ISIC_0010450.jpg,data_2016\Train_Lesion\benign\ISIC_0010450_Segmentation.png,0
data_2016\Train\benign\ISIC_0010455.jpg,data_2016\Train_Lesion\benign\ISIC_0010455_Segmentation.png,0
data_2016\Train\benign\ISIC_0010457.jpg,data_2016\Train_Lesion\benign\ISIC_0010457_Segmentation.png,0
data_2016\Train\benign\ISIC_0010459.jpg,data_2016\Train_Lesion\benign\ISIC_0010459_Segmentation.png,0
data_2016\Train\benign\ISIC_0010461.jpg,data_2016\Train_Lesion\benign\ISIC_0010461_Segmentation.png,0
data_2016\Train\benign\ISIC_0010462.jpg,data_2016\Train_Lesion\benign\ISIC_0010462_Segmentation.png,0
data_2016\Train\benign\ISIC_0010464.jpg,data_2016\Train_Lesion\benign\ISIC_0010464_Segmentation.png,0
data_2016\Train\benign\ISIC_0010465.jpg,data_2016\Train_Lesion\benign\ISIC_0010465_Segmentation.png,0
data_2016\Train\benign\ISIC_0010467.jpg,data_2016\Train_Lesion\benign\ISIC_0010467_Segmentation.png,0
data_2016\Train\benign\ISIC_0010471.jpg,data_2016\Train_Lesion\benign\ISIC_0010471_Segmentation.png,0
data_2016\Train\benign\ISIC_0010472.jpg,data_2016\Train_Lesion\benign\ISIC_0010472_Segmentation.png,0
data_2016\Train\benign\ISIC_0010473.jpg,data_2016\Train_Lesion\benign\ISIC_0010473_Segmentation.png,0
data_2016\Train\benign\ISIC_0010475.jpg,data_2016\Train_Lesion\benign\ISIC_0010475_Segmentation.png,0
data_2016\Train\benign\ISIC_0010479.jpg,data_2016\Train_Lesion\benign\ISIC_0010479_Segmentation.png,0
data_2016\Train\benign\ISIC_0010480.jpg,data_2016\Train_Lesion\benign\ISIC_0010480_Segmentation.png,0
data_2016\Train\benign\ISIC_0010481.jpg,data_2016\Train_Lesion\benign\ISIC_0010481_Segmentation.png,0
data_2016\Train\benign\ISIC_0010487.jpg,data_2016\Train_Lesion\benign\ISIC_0010487_Segmentation.png,0
data_2016\Train\benign\ISIC_0010488.jpg,data_2016\Train_Lesion\benign\ISIC_0010488_Segmentation.png,0
data_2016\Train\benign\ISIC_0010490.jpg,data_2016\Train_Lesion\benign\ISIC_0010490_Segmentation.png,0
data_2016\Train\benign\ISIC_0010491.jpg,data_2016\Train_Lesion\benign\ISIC_0010491_Segmentation.png,0
data_2016\Train\benign\ISIC_0010492.jpg,data_2016\Train_Lesion\benign\ISIC_0010492_Segmentation.png,0
data_2016\Train\benign\ISIC_0010496.jpg,data_2016\Train_Lesion\benign\ISIC_0010496_Segmentation.png,0
data_2016\Train\benign\ISIC_0010497.jpg,data_2016\Train_Lesion\benign\ISIC_0010497_Segmentation.png,0
data_2016\Train\benign\ISIC_0010554.jpg,data_2016\Train_Lesion\benign\ISIC_0010554_Segmentation.png,0
data_2016\Train\benign\ISIC_0010557.jpg,data_2016\Train_Lesion\benign\ISIC_0010557_Segmentation.png,0
data_2016\Train\benign\ISIC_0010558.jpg,data_2016\Train_Lesion\benign\ISIC_0010558_Segmentation.png,0
data_2016\Train\benign\ISIC_0010562.jpg,data_2016\Train_Lesion\benign\ISIC_0010562_Segmentation.png,0
data_2016\Train\benign\ISIC_0010566.jpg,data_2016\Train_Lesion\benign\ISIC_0010566_Segmentation.png,0
data_2016\Train\benign\ISIC_0010567.jpg,data_2016\Train_Lesion\benign\ISIC_0010567_Segmentation.png,0
data_2016\Train\benign\ISIC_0010568.jpg,data_2016\Train_Lesion\benign\ISIC_0010568_Segmentation.png,0
data_2016\Train\benign\ISIC_0010569.jpg,data_2016\Train_Lesion\benign\ISIC_0010569_Segmentation.png,0
data_2016\Train\benign\ISIC_0010570.jpg,data_2016\Train_Lesion\benign\ISIC_0010570_Segmentation.png,0
data_2016\Train\benign\ISIC_0010571.jpg,data_2016\Train_Lesion\benign\ISIC_0010571_Segmentation.png,0
data_2016\Train\benign\ISIC_0010572.jpg,data_2016\Train_Lesion\benign\ISIC_0010572_Segmentation.png,0
data_2016\Train\benign\ISIC_0010573.jpg,data_2016\Train_Lesion\benign\ISIC_0010573_Segmentation.png,0
data_2016\Train\benign\ISIC_0010575.jpg,data_2016\Train_Lesion\benign\ISIC_0010575_Segmentation.png,0
data_2016\Train\benign\ISIC_0010577.jpg,data_2016\Train_Lesion\benign\ISIC_0010577_Segmentation.png,0
data_2016\Train\benign\ISIC_0010581.jpg,data_2016\Train_Lesion\benign\ISIC_0010581_Segmentation.png,0
data_2016\Train\benign\ISIC_0010585.jpg,data_2016\Train_Lesion\benign\ISIC_0010585_Segmentation.png,0
data_2016\Train\benign\ISIC_0010586.jpg,data_2016\Train_Lesion\benign\ISIC_0010586_Segmentation.png,0
data_2016\Train\benign\ISIC_0010589.jpg,data_2016\Train_Lesion\benign\ISIC_0010589_Segmentation.png,0
data_2016\Train\benign\ISIC_0010590.jpg,data_2016\Train_Lesion\benign\ISIC_0010590_Segmentation.png,0
data_2016\Train\benign\ISIC_0010593.jpg,data_2016\Train_Lesion\benign\ISIC_0010593_Segmentation.png,0
data_2016\Train\benign\ISIC_0010595.jpg,data_2016\Train_Lesion\benign\ISIC_0010595_Segmentation.png,0
data_2016\Train\benign\ISIC_0010602.jpg,data_2016\Train_Lesion\benign\ISIC_0010602_Segmentation.png,0
data_2016\Train\benign\ISIC_0010603.jpg,data_2016\Train_Lesion\benign\ISIC_0010603_Segmentation.png,0
data_2016\Train\benign\ISIC_0010605.jpg,data_2016\Train_Lesion\benign\ISIC_0010605_Segmentation.png,0
data_2016\Train\benign\ISIC_0010844.jpg,data_2016\Train_Lesion\benign\ISIC_0010844_Segmentation.png,0
data_2016\Train\benign\ISIC_0010848.jpg,data_2016\Train_Lesion\benign\ISIC_0010848_Segmentation.png,0
data_2016\Train\benign\ISIC_0010849.jpg,data_2016\Train_Lesion\benign\ISIC_0010849_Segmentation.png,0
data_2016\Train\benign\ISIC_0010850.jpg,data_2016\Train_Lesion\benign\ISIC_0010850_Segmentation.png,0
data_2016\Train\benign\ISIC_0010853.jpg,data_2016\Train_Lesion\benign\ISIC_0010853_Segmentation.png,0
data_2016\Train\benign\ISIC_0010857.jpg,data_2016\Train_Lesion\benign\ISIC_0010857_Segmentation.png,0
data_2016\Train\benign\ISIC_0010858.jpg,data_2016\Train_Lesion\benign\ISIC_0010858_Segmentation.png,0
data_2016\Train\benign\ISIC_0010861.jpg,data_2016\Train_Lesion\benign\ISIC_0010861_Segmentation.png,0
data_2016\Train\benign\ISIC_0010864.jpg,data_2016\Train_Lesion\benign\ISIC_0010864_Segmentation.png,0
data_2016\Train\benign\ISIC_0011079.jpg,data_2016\Train_Lesion\benign\ISIC_0011079_Segmentation.png,0
data_2016\Train\benign\ISIC_0011082.jpg,data_2016\Train_Lesion\benign\ISIC_0011082_Segmentation.png,0
data_2016\Train\benign\ISIC_0011084.jpg,data_2016\Train_Lesion\benign\ISIC_0011084_Segmentation.png,0
data_2016\Train\benign\ISIC_0011085.jpg,data_2016\Train_Lesion\benign\ISIC_0011085_Segmentation.png,0
data_2016\Train\benign\ISIC_0011088.jpg,data_2016\Train_Lesion\benign\ISIC_0011088_Segmentation.png,0
data_2016\Train\benign\ISIC_0011097.jpg,data_2016\Train_Lesion\benign\ISIC_0011097_Segmentation.png,0
data_2016\Train\benign\ISIC_0011100.jpg,data_2016\Train_Lesion\benign\ISIC_0011100_Segmentation.png,0
data_2016\Train\benign\ISIC_0011102.jpg,data_2016\Train_Lesion\benign\ISIC_0011102_Segmentation.png,0
data_2016\Train\benign\ISIC_0011105.jpg,data_2016\Train_Lesion\benign\ISIC_0011105_Segmentation.png,0
data_2016\Train\benign\ISIC_0011109.jpg,data_2016\Train_Lesion\benign\ISIC_0011109_Segmentation.png,0
data_2016\Train\benign\ISIC_0011114.jpg,data_2016\Train_Lesion\benign\ISIC_0011114_Segmentation.png,0
data_2016\Train\benign\ISIC_0011115.jpg,data_2016\Train_Lesion\benign\ISIC_0011115_Segmentation.png,0
data_2016\Train\benign\ISIC_0011116.jpg,data_2016\Train_Lesion\benign\ISIC_0011116_Segmentation.png,0
data_2016\Train\benign\ISIC_0011117.jpg,data_2016\Train_Lesion\benign\ISIC_0011117_Segmentation.png,0
data_2016\Train\benign\ISIC_0011119.jpg,data_2016\Train_Lesion\benign\ISIC_0011119_Segmentation.png,0
data_2016\Train\benign\ISIC_0011120.jpg,data_2016\Train_Lesion\benign\ISIC_0011120_Segmentation.png,0
data_2016\Train\benign\ISIC_0011123.jpg,data_2016\Train_Lesion\benign\ISIC_0011123_Segmentation.png,0
data_2016\Train\benign\ISIC_0011124.jpg,data_2016\Train_Lesion\benign\ISIC_0011124_Segmentation.png,0
data_2016\Train\benign\ISIC_0011127.jpg,data_2016\Train_Lesion\benign\ISIC_0011127_Segmentation.png,0
data_2016\Train\benign\ISIC_0011131.jpg,data_2016\Train_Lesion\benign\ISIC_0011131_Segmentation.png,0
data_2016\Train\benign\ISIC_0011144.jpg,data_2016\Train_Lesion\benign\ISIC_0011144_Segmentation.png,0
data_2016\Train\benign\ISIC_0011145.jpg,data_2016\Train_Lesion\benign\ISIC_0011145_Segmentation.png,0
data_2016\Train\benign\ISIC_0011146.jpg,data_2016\Train_Lesion\benign\ISIC_0011146_Segmentation.png,0
data_2016\Train\benign\ISIC_0011156.jpg,data_2016\Train_Lesion\benign\ISIC_0011156_Segmentation.png,0
data_2016\Train\benign\ISIC_0011157.jpg,data_2016\Train_Lesion\benign\ISIC_0011157_Segmentation.png,0
data_2016\Train\benign\ISIC_0011159.jpg,data_2016\Train_Lesion\benign\ISIC_0011159_Segmentation.png,0
data_2016\Train\benign\ISIC_0011164.jpg,data_2016\Train_Lesion\benign\ISIC_0011164_Segmentation.png,0
data_2016\Train\benign\ISIC_0011165.jpg,data_2016\Train_Lesion\benign\ISIC_0011165_Segmentation.png,0
data_2016\Train\benign\ISIC_0011170.jpg,data_2016\Train_Lesion\benign\ISIC_0011170_Segmentation.png,0
data_2016\Train\benign\ISIC_0011173.jpg,data_2016\Train_Lesion\benign\ISIC_0011173_Segmentation.png,0
data_2016\Train\benign\ISIC_0011199.jpg,data_2016\Train_Lesion\benign\ISIC_0011199_Segmentation.png,0
data_2016\Train\benign\ISIC_0011200.jpg,data_2016\Train_Lesion\benign\ISIC_0011200_Segmentation.png,0
data_2016\Train\benign\ISIC_0011202.jpg,data_2016\Train_Lesion\benign\ISIC_0011202_Segmentation.png,0
data_2016\Train\benign\ISIC_0011203.jpg,data_2016\Train_Lesion\benign\ISIC_0011203_Segmentation.png,0
data_2016\Train\benign\ISIC_0011207.jpg,data_2016\Train_Lesion\benign\ISIC_0011207_Segmentation.png,0
data_2016\Train\benign\ISIC_0011208.jpg,data_2016\Train_Lesion\benign\ISIC_0011208_Segmentation.png,0
data_2016\Train\benign\ISIC_0011211.jpg,data_2016\Train_Lesion\benign\ISIC_0011211_Segmentation.png,0
data_2016\Train\benign\ISIC_0011212.jpg,data_2016\Train_Lesion\benign\ISIC_0011212_Segmentation.png,0
data_2016\Train\benign\ISIC_0011215.jpg,data_2016\Train_Lesion\benign\ISIC_0011215_Segmentation.png,0
data_2016\Train\benign\ISIC_0011217.jpg,data_2016\Train_Lesion\benign\ISIC_0011217_Segmentation.png,0
data_2016\Train\benign\ISIC_0011220.jpg,data_2016\Train_Lesion\benign\ISIC_0011220_Segmentation.png,0
data_2016\Train\benign\ISIC_0011223.jpg,data_2016\Train_Lesion\benign\ISIC_0011223_Segmentation.png,0
data_2016\Train\benign\ISIC_0011225.jpg,data_2016\Train_Lesion\benign\ISIC_0011225_Segmentation.png,0
data_2016\Train\benign\ISIC_0011226.jpg,data_2016\Train_Lesion\benign\ISIC_0011226_Segmentation.png,0
data_2016\Train\benign\ISIC_0011228.jpg,data_2016\Train_Lesion\benign\ISIC_0011228_Segmentation.png,0
data_2016\Train\benign\ISIC_0011229.jpg,data_2016\Train_Lesion\benign\ISIC_0011229_Segmentation.png,0
data_2016\Train\benign\ISIC_0011230.jpg,data_2016\Train_Lesion\benign\ISIC_0011230_Segmentation.png,0
data_2016\Train\benign\ISIC_0011296.jpg,data_2016\Train_Lesion\benign\ISIC_0011296_Segmentation.png,0
data_2016\Train\benign\ISIC_0011299.jpg,data_2016\Train_Lesion\benign\ISIC_0011299_Segmentation.png,0
data_2016\Train\benign\ISIC_0011301.jpg,data_2016\Train_Lesion\benign\ISIC_0011301_Segmentation.png,0
data_2016\Train\benign\ISIC_0011303.jpg,data_2016\Train_Lesion\benign\ISIC_0011303_Segmentation.png,0
data_2016\Train\benign\ISIC_0011304.jpg,data_2016\Train_Lesion\benign\ISIC_0011304_Segmentation.png,0
data_2016\Train\benign\ISIC_0011306.jpg,data_2016\Train_Lesion\benign\ISIC_0011306_Segmentation.png,0
data_2016\Train\benign\ISIC_0011317.jpg,data_2016\Train_Lesion\benign\ISIC_0011317_Segmentation.png,0
data_2016\Train\benign\ISIC_0011322.jpg,data_2016\Train_Lesion\benign\ISIC_0011322_Segmentation.png,0
data_2016\Train\benign\ISIC_0011324.jpg,data_2016\Train_Lesion\benign\ISIC_0011324_Segmentation.png,0
data_2016\Train\benign\ISIC_0011326.jpg,data_2016\Train_Lesion\benign\ISIC_0011326_Segmentation.png,0
data_2016\Train\benign\ISIC_0011327.jpg,data_2016\Train_Lesion\benign\ISIC_0011327_Segmentation.png,0
data_2016\Train\benign\ISIC_0011328.jpg,data_2016\Train_Lesion\benign\ISIC_0011328_Segmentation.png,0
data_2016\Train\benign\ISIC_0011330.jpg,data_2016\Train_Lesion\benign\ISIC_0011330_Segmentation.png,0
data_2016\Train\benign\ISIC_0011331.jpg,data_2016\Train_Lesion\benign\ISIC_0011331_Segmentation.png,0
data_2016\Train\benign\ISIC_0011332.jpg,data_2016\Train_Lesion\benign\ISIC_0011332_Segmentation.png,0
data_2016\Train\benign\ISIC_0011339.jpg,data_2016\Train_Lesion\benign\ISIC_0011339_Segmentation.png,0
data_2016\Train\benign\ISIC_0011341.jpg,data_2016\Train_Lesion\benign\ISIC_0011341_Segmentation.png,0
data_2016\Train\benign\ISIC_0011343.jpg,data_2016\Train_Lesion\benign\ISIC_0011343_Segmentation.png,0
data_2016\Train\benign\ISIC_0011345.jpg,data_2016\Train_Lesion\benign\ISIC_0011345_Segmentation.png,0
data_2016\Train\benign\ISIC_0011347.jpg,data_2016\Train_Lesion\benign\ISIC_0011347_Segmentation.png,0
data_2016\Train\benign\ISIC_0011353.jpg,data_2016\Train_Lesion\benign\ISIC_0011353_Segmentation.png,0
data_2016\Train\benign\ISIC_0011354.jpg,data_2016\Train_Lesion\benign\ISIC_0011354_Segmentation.png,0
data_2016\Train\benign\ISIC_0011357.jpg,data_2016\Train_Lesion\benign\ISIC_0011357_Segmentation.png,0
data_2016\Train\benign\ISIC_0011358.jpg,data_2016\Train_Lesion\benign\ISIC_0011358_Segmentation.png,0
data_2016\Train\benign\ISIC_0011360.jpg,data_2016\Train_Lesion\benign\ISIC_0011360_Segmentation.png,0
data_2016\Train\benign\ISIC_0011361.jpg,data_2016\Train_Lesion\benign\ISIC_0011361_Segmentation.png,0
data_2016\Train\benign\ISIC_0011372.jpg,data_2016\Train_Lesion\benign\ISIC_0011372_Segmentation.png,0
data_2016\Train\benign\ISIC_0011373.jpg,data_2016\Train_Lesion\benign\ISIC_0011373_Segmentation.png,0
data_2016\Train\benign\ISIC_0011378.jpg,data_2016\Train_Lesion\benign\ISIC_0011378_Segmentation.png,0
data_2016\Train\benign\ISIC_0011380.jpg,data_2016\Train_Lesion\benign\ISIC_0011380_Segmentation.png,0
data_2016\Train\benign\ISIC_0011382.jpg,data_2016\Train_Lesion\benign\ISIC_0011382_Segmentation.png,0
data_2016\Train\benign\ISIC_0011383.jpg,data_2016\Train_Lesion\benign\ISIC_0011383_Segmentation.png,0
data_2016\Train\benign\ISIC_0011385.jpg,data_2016\Train_Lesion\benign\ISIC_0011385_Segmentation.png,0
data_2016\Train\benign\ISIC_0011393.jpg,data_2016\Train_Lesion\benign\ISIC_0011393_Segmentation.png,0
data_2016\Train\benign\ISIC_0011398.jpg,data_2016\Train_Lesion\benign\ISIC_0011398_Segmentation.png,0
data_2016\Train\benign\ISIC_0011400.jpg,data_2016\Train_Lesion\benign\ISIC_0011400_Segmentation.png,0
data_2016\Train\benign\ISIC_0011402.jpg,data_2016\Train_Lesion\benign\ISIC_0011402_Segmentation.png,0
data_2016\Train\malignant\ISIC_0000002.jpg,data_2016\Train_Lesion\malignant\ISIC_0000002_Segmentation.png,1
data_2016\Train\malignant\ISIC_0000004.jpg,data_2016\Train_Lesion\malignant\ISIC_0000004_Segmentation.png,1
data_2016\Train\malignant\ISIC_0000026.jpg,data_2016\Train_Lesion\malignant\ISIC_0000026_Segmentation.png,1
data_2016\Train\malignant\ISIC_0000029.jpg,data_2016\Train_Lesion\malignant\ISIC_0000029_Segmentation.png,1
data_2016\Train\malignant\ISIC_0000030.jpg,data_2016\Train_Lesion\malignant\ISIC_0000030_Segmentation.png,1
data_2016\Train\malignant\ISIC_0000031.jpg,data_2016\Train_Lesion\malignant\ISIC_0000031_Segmentation.png,1
data_2016\Train\malignant\ISIC_0000035.jpg,data_2016\Train_Lesion\malignant\ISIC_0000035_Segmentation.png,1
data_2016\Train\malignant\ISIC_0000046.jpg,data_2016\Train_Lesion\malignant\ISIC_0000046_Segmentation.png,1
data_2016\Train\malignant\ISIC_0000049.jpg,data_2016\Train_Lesion\malignant\ISIC_0000049_Segmentation.png,1
data_2016\Train\malignant\ISIC_0000074.jpg,data_2016\Train_Lesion\malignant\ISIC_0000074_Segmentation.png,1
data_2016\Train\malignant\ISIC_0000078.jpg,data_2016\Train_Lesion\malignant\ISIC_0000078_Segmentation.png,1
data_2016\Train\malignant\ISIC_0000139.jpg,data_2016\Train_Lesion\malignant\ISIC_0000139_Segmentation.png,1
data_2016\Train\malignant\ISIC_0000140.jpg,data_2016\Train_Lesion\malignant\ISIC_0000140_Segmentation.png,1
data_2016\Train\malignant\ISIC_0000142.jpg,data_2016\Train_Lesion\malignant\ISIC_0000142_Segmentation.png,1
data_2016\Train\malignant\ISIC_0000145.jpg,data_2016\Train_Lesion\malignant\ISIC_0000145_Segmentation.png,1
data_2016\Train\malignant\ISIC_0000146.jpg,data_2016\Train_Lesion\malignant\ISIC_0000146_Segmentation.png,1
data_2016\Train\malignant\ISIC_0000147.jpg,data_2016\Train_Lesion\malignant\ISIC_0000147_Segmentation.png,1
data_2016\Train\malignant\ISIC_0000148.jpg,data_2016\Train_Lesion\malignant\ISIC_0000148_Segmentation.png,1
data_2016\Train\malignant\ISIC_0000150.jpg,data_2016\Train_Lesion\malignant\ISIC_0000150_Segmentation.png,1
data_2016\Train\malignant\ISIC_0000151.jpg,data_2016\Train_Lesion\malignant\ISIC_0000151_Segmentation.png,1
data_2016\Train\malignant\ISIC_0000152.jpg,data_2016\Train_Lesion\malignant\ISIC_0000152_Segmentation.png,1
data_2016\Train\malignant\ISIC_0000153.jpg,data_2016\Train_Lesion\malignant\ISIC_0000153_Segmentation.png,1
data_2016\Train\malignant\ISIC_0000154.jpg,data_2016\Train_Lesion\malignant\ISIC_0000154_Segmentation.png,1
data_2016\Train\malignant\ISIC_0000155.jpg,data_2016\Train_Lesion\malignant\ISIC_0000155_Segmentation.png,1
data_2016\Train\malignant\ISIC_0000156.jpg,data_2016\Train_Lesion\malignant\ISIC_0000156_Segmentation.png,1
data_2016\Train\malignant\ISIC_0000157.jpg,data_2016\Train_Lesion\malignant\ISIC_0000157_Segmentation.png,1
data_2016\Train\malignant\ISIC_0000159.jpg,data_2016\Train_Lesion\malignant\ISIC_0000159_Segmentation.png,1
data_2016\Train\malignant\ISIC_0000162.jpg,data_2016\Train_Lesion\malignant\ISIC_0000162_Segmentation.png,1
data_2016\Train\malignant\ISIC_0000163.jpg,data_2016\Train_Lesion\malignant\ISIC_0000163_Segmentation.png,1
data_2016\Train\malignant\ISIC_0000167.jpg,data_2016\Train_Lesion\malignant\ISIC_0000167_Segmentation.png,1
data_2016\Train\malignant\ISIC_0000170.jpg,data_2016\Train_Lesion\malignant\ISIC_0000170_Segmentation.png,1
data_2016\Train\malignant\ISIC_0000171.jpg,data_2016\Train_Lesion\malignant\ISIC_0000171_Segmentation.png,1
data_2016\Train\malignant\ISIC_0000173.jpg,data_2016\Train_Lesion\malignant\ISIC_0000173_Segmentation.png,1
data_2016\Train\malignant\ISIC_0000175.jpg,data_2016\Train_Lesion\malignant\ISIC_0000175_Segmentation.png,1
data_2016\Train\malignant\ISIC_0000176.jpg,data_2016\Train_Lesion\malignant\ISIC_0000176_Segmentation.png,1
data_2016\Train\malignant\ISIC_0000277.jpg,data_2016\Train_Lesion\malignant\ISIC_0000277_Segmentation.png,1
data_2016\Train\malignant\ISIC_0000278.jpg,data_2016\Train_Lesion\malignant\ISIC_0000278_Segmentation.png,1
data_2016\Train\malignant\ISIC_0000282.jpg,data_2016\Train_Lesion\malignant\ISIC_0000282_Segmentation.png,1
data_2016\Train\malignant\ISIC_0000283.jpg,data_2016\Train_Lesion\malignant\ISIC_0000283_Segmentation.png,1
data_2016\Train\malignant\ISIC_0000285.jpg,data_2016\Train_Lesion\malignant\ISIC_0000285_Segmentation.png,1
data_2016\Train\malignant\ISIC_0000288.jpg,data_2016\Train_Lesion\malignant\ISIC_0000288_Segmentation.png,1
data_2016\Train\malignant\ISIC_0000290.jpg,data_2016\Train_Lesion\malignant\ISIC_0000290_Segmentation.png,1
data_2016\Train\malignant\ISIC_0000292.jpg,data_2016\Train_Lesion\malignant\ISIC_0000292_Segmentation.png,1
data_2016\Train\malignant\ISIC_0000293.jpg,data_2016\Train_Lesion\malignant\ISIC_0000293_Segmentation.png,1
data_2016\Train\malignant\ISIC_0000294.jpg,data_2016\Train_Lesion\malignant\ISIC_0000294_Segmentation.png,1
data_2016\Train\malignant\ISIC_0000295.jpg,data_2016\Train_Lesion\malignant\ISIC_0000295_Segmentation.png,1
data_2016\Train\malignant\ISIC_0000297.jpg,data_2016\Train_Lesion\malignant\ISIC_0000297_Segmentation.png,1
data_2016\Train\malignant\ISIC_0000300.jpg,data_2016\Train_Lesion\malignant\ISIC_0000300_Segmentation.png,1
data_2016\Train\malignant\ISIC_0000301.jpg,data_2016\Train_Lesion\malignant\ISIC_0000301_Segmentation.png,1
data_2016\Train\malignant\ISIC_0000303.jpg,data_2016\Train_Lesion\malignant\ISIC_0000303_Segmentation.png,1
data_2016\Train\malignant\ISIC_0000313.jpg,data_2016\Train_Lesion\malignant\ISIC_0000313_Segmentation.png,1
data_2016\Train\malignant\ISIC_0000314.jpg,data_2016\Train_Lesion\malignant\ISIC_0000314_Segmentation.png,1
data_2016\Train\malignant\ISIC_0000390.jpg,data_2016\Train_Lesion\malignant\ISIC_0000390_Segmentation.png,1
data_2016\Train\malignant\ISIC_0000410.jpg,data_2016\Train_Lesion\malignant\ISIC_0000410_Segmentation.png,1
data_2016\Train\malignant\ISIC_0000412.jpg,data_2016\Train_Lesion\malignant\ISIC_0000412_Segmentation.png,1
data_2016\Train\malignant\ISIC_0000413.jpg,data_2016\Train_Lesion\malignant\ISIC_0000413_Segmentation.png,1
data_2016\Train\malignant\ISIC_0000415.jpg,data_2016\Train_Lesion\malignant\ISIC_0000415_Segmentation.png,1
data_2016\Train\malignant\ISIC_0000434.jpg,data_2016\Train_Lesion\malignant\ISIC_0000434_Segmentation.png,1
data_2016\Train\malignant\ISIC_0000444.jpg,data_2016\Train_Lesion\malignant\ISIC_0000444_Segmentation.png,1
data_2016\Train\malignant\ISIC_0000445.jpg,data_2016\Train_Lesion\malignant\ISIC_0000445_Segmentation.png,1
data_2016\Train\malignant\ISIC_0000463.jpg,data_2016\Train_Lesion\malignant\ISIC_0000463_Segmentation.png,1
data_2016\Train\malignant\ISIC_0000469.jpg,data_2016\Train_Lesion\malignant\ISIC_0000469_Segmentation.png,1
data_2016\Train\malignant\ISIC_0000513.jpg,data_2016\Train_Lesion\malignant\ISIC_0000513_Segmentation.png,1
data_2016\Train\malignant\ISIC_0000516.jpg,data_2016\Train_Lesion\malignant\ISIC_0000516_Segmentation.png,1
data_2016\Train\malignant\ISIC_0000517.jpg,data_2016\Train_Lesion\malignant\ISIC_0000517_Segmentation.png,1
data_2016\Train\malignant\ISIC_0000519.jpg,data_2016\Train_Lesion\malignant\ISIC_0000519_Segmentation.png,1
data_2016\Train\malignant\ISIC_0000520.jpg,data_2016\Train_Lesion\malignant\ISIC_0000520_Segmentation.png,1
data_2016\Train\malignant\ISIC_0000521.jpg,data_2016\Train_Lesion\malignant\ISIC_0000521_Segmentation.png,1
data_2016\Train\malignant\ISIC_0000522.jpg,data_2016\Train_Lesion\malignant\ISIC_0000522_Segmentation.png,1
data_2016\Train\malignant\ISIC_0000531.jpg,data_2016\Train_Lesion\malignant\ISIC_0000531_Segmentation.png,1
data_2016\Train\malignant\ISIC_0000551.jpg,data_2016\Train_Lesion\malignant\ISIC_0000551_Segmentation.png,1
data_2016\Train\malignant\ISIC_0000552.jpg,data_2016\Train_Lesion\malignant\ISIC_0000552_Segmentation.png,1
data_2016\Train\malignant\ISIC_0000554.jpg,data_2016\Train_Lesion\malignant\ISIC_0000554_Segmentation.png,1
data_2016\Train\malignant\ISIC_0001102.jpg,data_2016\Train_Lesion\malignant\ISIC_0001102_Segmentation.png,1
data_2016\Train\malignant\ISIC_0001105.jpg,data_2016\Train_Lesion\malignant\ISIC_0001105_Segmentation.png,1
data_2016\Train\malignant\ISIC_0001106.jpg,data_2016\Train_Lesion\malignant\ISIC_0001106_Segmentation.png,1
data_2016\Train\malignant\ISIC_0001118.jpg,data_2016\Train_Lesion\malignant\ISIC_0001118_Segmentation.png,1
data_2016\Train\malignant\ISIC_0001119.jpg,data_2016\Train_Lesion\malignant\ISIC_0001119_Segmentation.png,1
data_2016\Train\malignant\ISIC_0001126.jpg,data_2016\Train_Lesion\malignant\ISIC_0001126_Segmentation.png,1
data_2016\Train\malignant\ISIC_0001133.jpg,data_2016\Train_Lesion\malignant\ISIC_0001133_Segmentation.png,1
data_2016\Train\malignant\ISIC_0001140.jpg,data_2016\Train_Lesion\malignant\ISIC_0001140_Segmentation.png,1
data_2016\Train\malignant\ISIC_0001148.jpg,data_2016\Train_Lesion\malignant\ISIC_0001148_Segmentation.png,1
data_2016\Train\malignant\ISIC_0001152.jpg,data_2016\Train_Lesion\malignant\ISIC_0001152_Segmentation.png,1
data_2016\Train\malignant\ISIC_0009868.jpg,data_2016\Train_Lesion\malignant\ISIC_0009868_Segmentation.png,1
data_2016\Train\malignant\ISIC_0009897.jpg,data_2016\Train_Lesion\malignant\ISIC_0009897_Segmentation.png,1
data_2016\Train\malignant\ISIC_0009905.jpg,data_2016\Train_Lesion\malignant\ISIC_0009905_Segmentation.png,1
data_2016\Train\malignant\ISIC_0009910.jpg,data_2016\Train_Lesion\malignant\ISIC_0009910_Segmentation.png,1
data_2016\Train\malignant\ISIC_0009934.jpg,data_2016\Train_Lesion\malignant\ISIC_0009934_Segmentation.png,1
data_2016\Train\malignant\ISIC_0009950.jpg,data_2016\Train_Lesion\malignant\ISIC_0009950_Segmentation.png,1
data_2016\Train\malignant\ISIC_0009960.jpg,data_2016\Train_Lesion\malignant\ISIC_0009960_Segmentation.png,1
data_2016\Train\malignant\ISIC_0009971.jpg,data_2016\Train_Lesion\malignant\ISIC_0009971_Segmentation.png,1
data_2016\Train\malignant\ISIC_0010000.jpg,data_2016\Train_Lesion\malignant\ISIC_0010000_Segmentation.png,1
data_2016\Train\malignant\ISIC_0010001.jpg,data_2016\Train_Lesion\malignant\ISIC_0010001_Segmentation.png,1
data_2016\Train\malignant\ISIC_0010024.jpg,data_2016\Train_Lesion\malignant\ISIC_0010024_Segmentation.png,1
data_2016\Train\malignant\ISIC_0010029.jpg,data_2016\Train_Lesion\malignant\ISIC_0010029_Segmentation.png,1
data_2016\Train\malignant\ISIC_0010036.jpg,data_2016\Train_Lesion\malignant\ISIC_0010036_Segmentation.png,1
data_2016\Train\malignant\ISIC_0010054.jpg,data_2016\Train_Lesion\malignant\ISIC_0010054_Segmentation.png,1
data_2016\Train\malignant\ISIC_0010067.jpg,data_2016\Train_Lesion\malignant\ISIC_0010067_Segmentation.png,1
data_2016\Train\malignant\ISIC_0010080.jpg,data_2016\Train_Lesion\malignant\ISIC_0010080_Segmentation.png,1
data_2016\Train\malignant\ISIC_0010174.jpg,data_2016\Train_Lesion\malignant\ISIC_0010174_Segmentation.png,1
data_2016\Train\malignant\ISIC_0010225.jpg,data_2016\Train_Lesion\malignant\ISIC_0010225_Segmentation.png,1
data_2016\Train\malignant\ISIC_0010235.jpg,data_2016\Train_Lesion\malignant\ISIC_0010235_Segmentation.png,1
data_2016\Train\malignant\ISIC_0010240.jpg,data_2016\Train_Lesion\malignant\ISIC_0010240_Segmentation.png,1
data_2016\Train\malignant\ISIC_0010241.jpg,data_2016\Train_Lesion\malignant\ISIC_0010241_Segmentation.png,1
data_2016\Train\malignant\ISIC_0010242.jpg,data_2016\Train_Lesion\malignant\ISIC_0010242_Segmentation.png,1
data_2016\Train\malignant\ISIC_0010251.jpg,data_2016\Train_Lesion\malignant\ISIC_0010251_Segmentation.png,1
data_2016\Train\malignant\ISIC_0010265.jpg,data_2016\Train_Lesion\malignant\ISIC_0010265_Segmentation.png,1
data_2016\Train\malignant\ISIC_0010266.jpg,data_2016\Train_Lesion\malignant\ISIC_0010266_Segmentation.png,1
data_2016\Train\malignant\ISIC_0010267.jpg,data_2016\Train_Lesion\malignant\ISIC_0010267_Segmentation.png,1
data_2016\Train\malignant\ISIC_0010321.jpg,data_2016\Train_Lesion\malignant\ISIC_0010321_Segmentation.png,1
data_2016\Train\malignant\ISIC_0010322.jpg,data_2016\Train_Lesion\malignant\ISIC_0010322_Segmentation.png,1
data_2016\Train\malignant\ISIC_0010329.jpg,data_2016\Train_Lesion\malignant\ISIC_0010329_Segmentation.png,1
data_2016\Train\malignant\ISIC_0010349.jpg,data_2016\Train_Lesion\malignant\ISIC_0010349_Segmentation.png,1
data_2016\Train\malignant\ISIC_0010350.jpg,data_2016\Train_Lesion\malignant\ISIC_0010350_Segmentation.png,1
data_2016\Train\malignant\ISIC_0010358.jpg,data_2016\Train_Lesion\malignant\ISIC_0010358_Segmentation.png,1
data_2016\Train\malignant\ISIC_0010364.jpg,data_2016\Train_Lesion\malignant\ISIC_0010364_Segmentation.png,1
data_2016\Train\malignant\ISIC_0010372.jpg,data_2016\Train_Lesion\malignant\ISIC_0010372_Segmentation.png,1
data_2016\Train\malignant\ISIC_0010380.jpg,data_2016\Train_Lesion\malignant\ISIC_0010380_Segmentation.png,1
data_2016\Train\malignant\ISIC_0010441.jpg,data_2016\Train_Lesion\malignant\ISIC_0010441_Segmentation.png,1
data_2016\Train\malignant\ISIC_0010466.jpg,data_2016\Train_Lesion\malignant\ISIC_0010466_Segmentation.png,1
data_2016\Train\malignant\ISIC_0010468.jpg,data_2016\Train_Lesion\malignant\ISIC_0010468_Segmentation.png,1
data_2016\Train\malignant\ISIC_0010495.jpg,data_2016\Train_Lesion\malignant\ISIC_0010495_Segmentation.png,1
data_2016\Train\malignant\ISIC_0010576.jpg,data_2016\Train_Lesion\malignant\ISIC_0010576_Segmentation.png,1
data_2016\Train\malignant\ISIC_0010852.jpg,data_2016\Train_Lesion\malignant\ISIC_0010852_Segmentation.png,1
data_2016\Train\malignant\ISIC_0010860.jpg,data_2016\Train_Lesion\malignant\ISIC_0010860_Segmentation.png,1
data_2016\Train\malignant\ISIC_0010862.jpg,data_2016\Train_Lesion\malignant\ISIC_0010862_Segmentation.png,1
data_2016\Train\malignant\ISIC_0011095.jpg,data_2016\Train_Lesion\malignant\ISIC_0011095_Segmentation.png,1
data_2016\Train\malignant\ISIC_0011099.jpg,data_2016\Train_Lesion\malignant\ISIC_0011099_Segmentation.png,1
data_2016\Train\malignant\ISIC_0011118.jpg,data_2016\Train_Lesion\malignant\ISIC_0011118_Segmentation.png,1
data_2016\Train\malignant\ISIC_0011121.jpg,data_2016\Train_Lesion\malignant\ISIC_0011121_Segmentation.png,1
data_2016\Train\malignant\ISIC_0011125.jpg,data_2016\Train_Lesion\malignant\ISIC_0011125_Segmentation.png,1
data_2016\Train\malignant\ISIC_0011126.jpg,data_2016\Train_Lesion\malignant\ISIC_0011126_Segmentation.png,1
data_2016\Train\malignant\ISIC_0011128.jpg,data_2016\Train_Lesion\malignant\ISIC_0011128_Segmentation.png,1
data_2016\Train\malignant\ISIC_0011130.jpg,data_2016\Train_Lesion\malignant\ISIC_0011130_Segmentation.png,1
data_2016\Train\malignant\ISIC_0011135.jpg,data_2016\Train_Lesion\malignant\ISIC_0011135_Segmentation.png,1
data_2016\Train\malignant\ISIC_0011136.jpg,data_2016\Train_Lesion\malignant\ISIC_0011136_Segmentation.png,1
data_2016\Train\malignant\ISIC_0011137.jpg,data_2016\Train_Lesion\malignant\ISIC_0011137_Segmentation.png,1
data_2016\Train\malignant\ISIC_0011139.jpg,data_2016\Train_Lesion\malignant\ISIC_0011139_Segmentation.png,1
data_2016\Train\malignant\ISIC_0011140.jpg,data_2016\Train_Lesion\malignant\ISIC_0011140_Segmentation.png,1
data_2016\Train\malignant\ISIC_0011141.jpg,data_2016\Train_Lesion\malignant\ISIC_0011141_Segmentation.png,1
data_2016\Train\malignant\ISIC_0011158.jpg,data_2016\Train_Lesion\malignant\ISIC_0011158_Segmentation.png,1
data_2016\Train\malignant\ISIC_0011161.jpg,data_2016\Train_Lesion\malignant\ISIC_0011161_Segmentation.png,1
data_2016\Train\malignant\ISIC_0011163.jpg,data_2016\Train_Lesion\malignant\ISIC_0011163_Segmentation.png,1
data_2016\Train\malignant\ISIC_0011166.jpg,data_2016\Train_Lesion\malignant\ISIC_0011166_Segmentation.png,1
data_2016\Train\malignant\ISIC_0011169.jpg,data_2016\Train_Lesion\malignant\ISIC_0011169_Segmentation.png,1
data_2016\Train\malignant\ISIC_0011295.jpg,data_2016\Train_Lesion\malignant\ISIC_0011295_Segmentation.png,1
data_2016\Train\malignant\ISIC_0011315.jpg,data_2016\Train_Lesion\malignant\ISIC_0011315_Segmentation.png,1
data_2016\Train\malignant\ISIC_0011329.jpg,data_2016\Train_Lesion\malignant\ISIC_0011329_Segmentation.png,1
data_2016\Train\malignant\ISIC_0011334.jpg,data_2016\Train_Lesion\malignant\ISIC_0011334_Segmentation.png,1
data_2016\Train\malignant\ISIC_0011348.jpg,data_2016\Train_Lesion\malignant\ISIC_0011348_Segmentation.png,1
data_2016\Train\malignant\ISIC_0011350.jpg,data_2016\Train_Lesion\malignant\ISIC_0011350_Segmentation.png,1
data_2016\Train\malignant\ISIC_0011356.jpg,data_2016\Train_Lesion\malignant\ISIC_0011356_Segmentation.png,1
data_2016\Train\malignant\ISIC_0011366.jpg,data_2016\Train_Lesion\malignant\ISIC_0011366_Segmentation.png,1
data_2016\Train\malignant\ISIC_0011387.jpg,data_2016\Train_Lesion\malignant\ISIC_0011387_Segmentation.png,1
data_2016\Train\malignant\ISIC_0011390.jpg,data_2016\Train_Lesion\malignant\ISIC_0011390_Segmentation.png,1
